"","ID","support_iec","altruism","reciprocity","industry","emp_status","age","female","educ_high","incgr_high","right"
"1",122303373,1,0,0,0,1,57,1,1,0,0
"2",147010165,0,1,1,NA,0,52,1,0,1,1
"3",147213340,0,1,1,NA,0,46,1,0,0,0
"4",147515365,1,0,0,NA,3,66,0,1,1,0
"5",147629000,1,1,0,NA,2,22,1,1,1,0
"6",147651094,0,0,0,NA,0,21,1,1,1,1
"7",147715481,1,1,0,1,1,53,0,1,1,0
"8",147799694,0,0,1,NA,2,25,1,0,0,0
"9",147810730,1,0,1,NA,1,45,1,1,0,0
"10",147812321,0,1,0,1,1,56,0,0,1,0
"11",147890748,0,1,0,1,1,55,0,0,0,1
"12",147910536,1,1,1,0,1,63,1,0,1,0
"13",147913036,1,1,0,1,1,65,0,0,0,0
"14",147919067,0,0,1,1,1,54,0,1,0,1
"15",147935816,0,0,0,1,1,58,0,0,0,0
"16",147958748,1,1,0,NA,0,27,0,1,0,0
"17",147972874,0,0,1,NA,3,62,0,1,1,0
"18",147981299,0,0,0,NA,0,34,1,0,0,0
"19",148043569,1,0,1,NA,2,29,1,1,0,0
"20",148077866,1,1,0,NA,2,31,1,0,0,0
"21",148122319,1,1,1,NA,0,62,0,1,1,0
"22",148154797,1,1,1,0,1,28,1,1,0,0
"23",148162743,1,1,0,0,1,61,0,1,1,0
"24",148176192,0,0,0,1,1,56,0,1,1,1
"25",148179217,0,0,0,NA,0,45,0,0,0,0
"26",148184006,0,0,1,NA,0,42,1,1,0,1
"27",148185193,1,1,1,0,1,26,0,1,0,0
"28",148185348,0,0,1,1,1,25,1,1,0,0
"29",148188624,0,0,0,1,1,55,1,1,1,0
"30",148191945,1,0,1,NA,2,20,0,1,1,0
"31",148219315,0,1,1,NA,0,62,0,1,0,0
"32",148222459,0,0,0,NA,2,64,0,0,0,1
"33",148229853,1,0,1,0,1,50,1,1,0,0
"34",148230102,1,0,1,0,1,51,1,1,1,1
"35",148234962,1,0,1,NA,1,39,1,1,0,0
"36",148235518,0,0,0,NA,3,74,1,1,0,0
"37",148236970,1,0,1,NA,0,55,0,0,0,0
"38",148240446,1,0,0,0,1,50,0,1,1,0
"39",148249782,0,1,1,NA,3,66,0,1,1,1
"40",148256507,0,0,0,NA,3,60,1,0,0,0
"41",148256684,0,0,0,NA,3,66,1,0,0,0
"42",148257693,0,0,0,1,1,55,1,1,0,0
"43",148259428,0,0,0,NA,0,54,1,0,0,0
"44",148262611,1,1,0,NA,3,68,0,0,0,0
"45",148265529,0,0,1,0,1,25,1,0,0,0
"46",148265747,1,1,0,NA,1,55,0,0,1,1
"47",148265951,1,1,0,1,1,55,1,1,1,0
"48",148271899,1,0,0,NA,0,60,0,1,1,1
"49",148285292,1,0,1,0,1,60,1,1,0,0
"50",148296733,1,0,1,NA,3,74,1,0,0,0
"51",148329581,1,0,1,0,1,31,1,1,0,0
"52",148331890,0,0,0,0,1,56,1,1,0,0
"53",148332436,1,0,0,0,1,46,0,1,0,1
"54",148334036,0,0,1,0,1,51,1,0,0,0
"55",148336302,1,0,0,NA,3,61,1,1,0,0
"56",148342736,0,1,0,0,1,55,1,1,1,1
"57",148345482,0,0,1,NA,0,70,0,0,0,0
"58",148350057,0,1,0,0,1,40,0,1,1,1
"59",148358973,0,1,1,NA,3,82,0,0,0,1
"60",148363381,0,0,0,0,1,41,0,1,1,1
"61",148367623,0,0,0,NA,3,80,0,1,1,1
"62",148371745,1,0,0,NA,0,53,0,0,0,0
"63",148371781,1,1,0,NA,0,54,0,1,0,0
"64",148378227,0,1,0,1,1,55,1,1,1,1
"65",148384422,1,1,0,0,1,50,0,1,0,0
"66",148386296,1,0,0,NA,2,46,1,0,0,0
"67",148390722,0,0,1,NA,3,72,1,0,1,1
"68",148393015,0,1,0,1,1,64,0,1,1,1
"69",148403258,0,0,0,NA,0,35,1,1,0,1
"70",148404971,1,0,0,NA,3,61,0,0,0,0
"71",148453131,0,1,1,0,1,57,1,1,1,1
"72",148466552,0,0,0,NA,3,81,1,0,1,1
"73",148469424,1,0,0,NA,3,66,1,1,0,0
"74",148474428,1,0,0,1,1,46,0,1,0,0
"75",148480867,0,0,0,1,1,44,0,1,0,0
"76",148485664,1,1,1,NA,0,31,1,1,0,0
"77",148486830,0,0,0,1,1,48,0,1,1,0
"78",148490469,0,0,0,0,1,52,0,1,0,1
"79",148494122,0,0,0,0,1,50,0,1,0,0
"80",148494249,0,1,0,0,1,62,0,1,0,1
"81",148494361,0,1,1,NA,2,56,0,1,1,1
"82",148497217,0,1,0,0,1,52,1,1,0,0
"83",148499174,0,0,1,NA,2,44,1,1,1,0
"84",148499347,1,0,1,0,1,62,1,1,0,0
"85",148499910,0,0,0,1,1,64,1,0,0,1
"86",148500739,0,1,1,NA,2,20,1,1,1,1
"87",148503849,0,0,0,1,1,61,0,0,1,1
"88",148504088,1,0,1,1,1,34,1,1,1,0
"89",148504279,0,1,0,NA,2,62,0,1,1,1
"90",148505404,1,1,1,1,1,28,0,1,1,0
"91",148506533,1,1,0,0,1,59,1,1,1,0
"92",148506543,0,1,1,0,1,37,1,1,0,1
"93",148507925,0,0,0,1,1,43,1,0,0,0
"94",148511195,0,0,0,NA,0,58,1,1,1,1
"95",148514695,0,0,1,1,1,52,0,1,0,1
"96",148514733,0,0,1,0,1,49,1,0,1,0
"97",148522280,1,0,0,0,1,45,0,1,1,0
"98",148528585,1,0,0,0,1,62,0,1,1,0
"99",148530746,1,0,1,NA,3,68,0,0,0,0
"100",148531996,1,0,0,NA,0,59,1,1,0,0
"101",148533114,0,0,0,NA,3,59,1,0,0,1
"102",148534994,0,0,0,NA,0,63,1,0,0,0
"103",148537008,0,0,1,0,1,46,1,0,0,0
"104",148537248,0,0,1,NA,0,41,1,1,0,1
"105",148537336,1,1,1,NA,0,71,1,0,0,1
"106",148537381,1,0,1,0,1,62,1,1,1,0
"107",148537401,1,0,0,1,1,41,0,1,1,1
"108",148537503,0,1,1,1,1,50,0,1,0,1
"109",148537986,1,0,0,0,1,45,0,1,1,0
"110",148539975,1,1,1,0,1,50,1,0,0,0
"111",148539993,0,1,0,NA,0,58,1,0,0,1
"112",148540143,1,0,0,NA,0,59,1,1,1,0
"113",148540200,1,0,1,0,1,39,1,1,0,0
"114",148540360,0,0,0,NA,3,62,0,1,0,1
"115",148540377,0,1,0,1,1,57,0,1,1,1
"116",148540474,0,0,1,1,1,53,0,0,0,1
"117",148540645,0,0,1,NA,3,69,1,1,1,0
"118",148542522,1,0,1,NA,3,77,1,1,0,0
"119",148542596,0,0,0,NA,3,67,0,1,1,1
"120",148542686,0,0,0,0,1,55,1,1,0,1
"121",148542913,1,0,1,0,1,45,1,1,1,0
"122",148542933,0,1,0,NA,0,36,1,1,1,0
"123",148543055,1,0,1,0,1,38,1,1,1,0
"124",148543154,0,0,0,NA,3,73,0,1,1,1
"125",148543179,1,1,0,1,1,38,0,1,0,0
"126",148543299,0,0,0,1,1,48,1,1,0,1
"127",148543314,0,0,1,0,1,56,1,1,1,1
"128",148543579,0,0,0,0,1,65,0,1,1,1
"129",148546007,1,0,0,NA,0,62,1,1,0,0
"130",148546046,0,0,1,0,1,56,0,1,1,0
"131",148546282,0,1,0,NA,0,73,0,0,0,1
"132",148548012,1,1,1,1,1,48,1,1,0,0
"133",148548081,0,1,0,NA,0,55,1,0,1,0
"134",148548160,0,0,1,0,1,47,1,1,1,1
"135",148550506,1,0,0,0,1,45,1,1,1,0
"136",148550588,0,1,0,NA,3,73,0,1,0,1
"137",148550675,0,0,0,1,1,39,0,1,1,1
"138",148550744,0,1,1,NA,3,64,0,1,1,1
"139",148551015,0,1,0,1,1,56,0,1,1,1
"140",148551290,1,0,1,NA,0,40,1,1,1,0
"141",148551346,0,0,0,NA,0,54,0,1,1,1
"142",148551363,1,0,1,0,1,53,1,1,1,0
"143",148551365,1,1,0,NA,0,64,0,1,0,0
"144",148551446,1,0,1,NA,0,46,0,1,0,0
"145",148551637,0,0,1,0,1,20,1,1,0,1
"146",148553433,1,1,0,0,1,54,0,1,1,0
"147",148553540,1,1,0,NA,0,44,0,1,1,0
"148",148553636,1,0,1,0,1,50,0,1,0,0
"149",148553906,0,1,0,0,1,55,0,0,1,1
"150",148553965,1,0,0,0,1,59,1,1,0,0
"151",148554050,1,1,0,0,1,81,1,1,0,1
"152",148554268,1,0,1,NA,0,54,0,0,0,0
"153",148556111,0,0,0,NA,3,70,1,0,0,0
"154",148556351,0,1,0,1,1,57,0,1,0,1
"155",148556542,1,1,1,0,1,39,1,1,1,0
"156",148556794,0,1,1,NA,3,68,0,1,1,1
"157",148556803,1,1,1,NA,0,60,0,1,0,0
"158",148558495,0,0,1,0,1,51,1,1,1,1
"159",148558530,0,1,1,NA,3,61,0,1,0,1
"160",148558753,0,0,1,1,1,35,1,1,1,1
"161",148558786,0,1,0,0,1,49,0,1,1,0
"162",148558790,0,0,1,0,1,39,0,1,1,1
"163",148558839,0,0,0,NA,2,33,1,1,0,0
"164",148558899,1,0,1,NA,0,64,1,1,0,0
"165",148559063,1,0,0,0,1,41,0,1,1,0
"166",148559770,1,1,0,1,1,28,1,0,0,0
"167",148560739,1,0,1,NA,0,48,1,1,0,0
"168",148560842,0,0,0,NA,3,63,1,1,1,0
"169",148561241,1,0,1,NA,2,39,0,1,0,0
"170",148561336,0,0,0,1,1,56,0,1,0,0
"171",148563110,0,0,1,1,1,59,0,0,1,1
"172",148563442,1,1,1,NA,0,51,1,1,0,1
"173",148565122,1,1,0,NA,0,56,1,0,0,0
"174",148565366,1,0,1,NA,0,52,1,0,0,0
"175",148569138,1,1,0,0,1,55,1,0,1,0
"176",148569473,0,0,0,0,1,51,0,1,1,1
"177",148571067,1,0,0,NA,0,43,1,0,0,0
"178",148571162,0,0,0,NA,0,41,1,1,1,1
"179",148571235,1,0,0,0,1,38,1,1,0,0
"180",148573099,1,0,0,0,1,34,1,1,0,0
"181",148574701,1,0,0,1,1,56,1,0,1,0
"182",148574741,1,1,1,0,1,30,1,1,1,0
"183",148576791,0,0,1,0,1,52,0,1,1,1
"184",148578084,0,0,0,NA,0,50,1,0,0,0
"185",148578176,0,0,0,1,1,56,1,0,1,0
"186",148578239,1,0,1,0,1,25,1,1,1,0
"187",148578243,1,1,1,0,1,25,1,1,0,0
"188",148579800,1,0,1,1,1,37,0,0,1,0
"189",148580516,1,1,1,NA,0,63,1,0,0,1
"190",148581385,1,0,0,NA,1,59,0,0,0,1
"191",148581424,0,0,0,NA,2,24,0,1,1,0
"192",148581669,0,0,1,0,1,40,0,1,1,1
"193",148581946,1,0,1,NA,2,58,1,1,1,0
"194",148584772,0,0,0,NA,3,62,0,1,0,1
"195",148587872,0,1,1,1,1,47,0,1,1,1
"196",148590148,1,0,1,0,1,31,1,1,0,0
"197",148590962,1,0,1,NA,0,38,1,1,0,1
"198",148591379,1,1,1,0,1,66,1,1,0,1
"199",148591639,1,0,0,NA,0,61,1,1,0,0
"200",148593542,0,0,1,0,1,65,0,1,0,1
"201",148593547,1,0,1,NA,0,63,1,1,0,0
"202",148595392,0,0,1,NA,3,60,0,1,0,1
"203",148596062,1,0,1,0,1,55,1,1,1,0
"204",148596460,0,1,1,0,1,63,0,1,0,1
"205",148597856,1,0,1,0,1,48,0,1,1,0
"206",148598224,1,1,0,NA,3,65,0,1,1,0
"207",148598845,0,0,0,NA,0,53,0,1,0,1
"208",148598950,0,0,1,0,1,48,1,1,0,0
"209",148599613,1,0,1,0,1,35,1,1,1,0
"210",148599621,1,0,1,NA,0,34,1,1,1,1
"211",148599623,0,0,0,1,1,51,1,1,1,1
"212",148599651,0,0,0,NA,0,45,1,0,0,0
"213",148599719,0,0,0,NA,2,54,0,0,0,1
"214",148600685,1,0,1,1,1,48,0,1,1,1
"215",148601487,0,0,0,NA,3,80,0,1,0,1
"216",148601507,1,0,1,NA,3,66,1,1,0,1
"217",148601516,0,1,1,NA,0,54,1,1,0,0
"218",148602552,0,0,0,1,1,32,1,1,0,0
"219",148603301,1,0,1,1,1,26,1,1,1,0
"220",148603703,1,1,1,0,1,57,0,1,0,0
"221",148603711,0,0,1,1,1,53,0,1,1,1
"222",148605376,0,0,0,1,1,47,0,1,1,1
"223",148605475,0,0,0,0,1,57,0,1,1,1
"224",148606194,1,0,1,1,1,61,1,1,0,0
"225",148606274,0,0,1,1,1,32,1,1,0,1
"226",148606924,1,1,1,NA,0,64,1,0,0,0
"227",148607353,0,0,0,1,1,57,0,0,1,0
"228",148607861,1,1,1,0,1,63,1,1,1,0
"229",148608821,1,0,1,NA,0,59,1,1,0,0
"230",148608996,1,0,0,NA,0,62,0,0,0,1
"231",148609052,0,1,0,NA,3,71,0,0,0,1
"232",148609640,1,1,1,0,1,35,0,1,1,1
"233",148609673,1,0,0,NA,0,31,1,1,0,0
"234",148609793,1,0,0,1,1,50,1,1,1,0
"235",148610372,1,0,1,NA,2,44,1,1,1,0
"236",148610441,0,0,1,0,1,58,1,1,0,0
"237",148611413,0,0,0,0,1,43,0,1,0,0
"238",148611459,0,0,1,1,1,35,0,1,1,0
"239",148612151,0,0,0,1,1,40,0,1,1,0
"240",148612334,1,1,0,1,1,56,0,0,1,0
"241",148612449,0,0,0,NA,3,65,0,0,0,0
"242",148613115,0,0,1,NA,0,46,1,1,0,1
"243",148613810,1,0,1,NA,0,44,1,0,0,1
"244",148614750,1,0,1,0,1,22,1,1,0,0
"245",148615676,0,0,0,NA,3,67,0,0,0,1
"246",148616362,0,1,0,0,1,64,0,1,1,1
"247",148617239,1,0,1,0,1,57,0,0,0,0
"248",148617496,1,0,1,NA,1,50,1,0,1,0
"249",148617702,0,0,1,NA,0,41,1,1,0,0
"250",148618601,1,0,0,NA,0,40,1,0,0,0
"251",148620044,0,0,1,NA,0,31,1,1,1,1
"252",148620304,0,0,1,NA,3,78,0,1,1,0
"253",148621840,0,0,0,NA,3,64,0,1,1,1
"254",148624806,1,0,0,0,1,57,1,1,0,0
"255",148625117,1,0,1,NA,0,27,1,1,1,0
"256",148627814,0,1,1,NA,1,31,1,0,0,0
"257",148627918,1,0,1,NA,0,47,0,1,1,0
"258",148632258,0,0,0,NA,0,53,0,0,0,0
"259",148632270,0,1,1,1,1,42,1,0,1,0
"260",148632280,1,0,1,1,1,34,1,0,1,0
"261",148633116,1,1,1,0,1,43,1,1,0,0
"262",148633186,0,0,1,NA,2,32,1,1,0,1
"263",148633645,1,0,1,NA,0,60,1,1,1,1
"264",148634195,1,0,0,0,1,59,0,1,1,0
"265",148635259,1,0,0,NA,0,57,1,1,1,0
"266",148635794,0,1,0,NA,0,61,1,0,0,0
"267",148636203,0,0,1,NA,0,31,1,1,0,0
"268",148638212,1,1,1,1,1,47,0,1,0,1
"269",148640777,0,0,1,0,1,26,1,1,0,1
"270",148640819,0,0,0,NA,3,64,0,0,1,1
"271",148641056,1,0,0,NA,2,47,1,0,0,0
"272",148642431,1,0,1,NA,0,39,1,0,0,1
"273",148642512,1,0,0,0,1,53,0,1,0,0
"274",148642572,1,0,0,NA,3,61,0,1,0,1
"275",148644098,0,1,1,NA,0,54,0,0,0,1
"276",148644897,0,1,0,0,1,49,0,1,0,1
"277",148645227,1,1,0,NA,0,46,0,1,0,0
"278",148645244,1,0,0,1,1,51,0,1,0,0
"279",148645260,0,0,1,NA,3,63,0,1,1,1
"280",148645281,0,0,0,NA,0,53,0,1,1,1
"281",148645337,0,0,0,NA,3,61,1,1,0,0
"282",148645683,1,0,0,NA,1,59,0,1,1,1
"283",148645684,1,0,1,NA,3,58,0,1,0,0
"284",148645703,0,1,1,NA,3,62,0,0,0,1
"285",148645718,1,0,0,0,1,50,1,1,0,0
"286",148645769,1,0,1,0,1,31,1,1,1,0
"287",148645808,1,0,0,NA,0,41,1,1,1,0
"288",148645864,1,1,1,0,1,57,0,1,1,1
"289",148645904,0,0,0,1,1,62,0,1,0,1
"290",148645958,1,1,0,NA,0,59,0,1,0,0
"291",148645964,1,0,1,0,1,57,0,1,0,1
"292",148646053,1,1,1,0,1,27,0,1,0,0
"293",148646934,0,0,0,NA,0,61,1,0,0,1
"294",148647092,1,1,0,NA,0,54,0,0,0,1
"295",148647407,1,0,0,1,1,57,0,1,1,0
"296",148647508,1,1,0,NA,0,54,1,1,0,0
"297",148647588,1,0,1,1,1,47,1,0,0,0
"298",148647659,0,0,0,NA,3,73,0,0,0,1
"299",148647689,1,0,1,NA,3,63,1,1,0,0
"300",148647700,1,1,1,0,1,55,1,1,0,1
"301",148647724,1,0,1,NA,0,55,1,1,0,0
"302",148647726,0,1,1,0,1,52,1,1,0,1
"303",148647764,0,0,0,NA,0,57,1,1,0,0
"304",148647911,1,0,1,0,1,44,1,1,1,0
"305",148647938,1,1,1,NA,0,58,1,1,0,0
"306",148647977,1,0,1,0,1,61,1,1,1,0
"307",148648091,1,0,1,1,1,48,0,1,0,1
"308",148648104,1,0,0,NA,0,53,0,1,0,0
"309",148648219,0,0,0,0,1,57,0,1,1,1
"310",148648567,1,1,1,NA,1,32,1,0,0,1
"311",148648947,1,1,0,NA,3,90,1,0,0,0
"312",148649463,1,0,1,1,1,56,0,1,0,1
"313",148649480,0,1,0,1,1,64,0,1,0,1
"314",148649635,0,0,1,NA,3,70,1,0,1,1
"315",148649789,0,0,0,1,1,64,0,1,1,1
"316",148649800,0,0,1,1,1,60,0,1,0,1
"317",148649824,1,0,1,0,1,56,0,0,0,0
"318",148649935,1,0,1,1,1,57,0,1,1,0
"319",148649957,1,1,1,1,1,62,0,1,0,0
"320",148649998,0,0,1,0,1,44,0,1,1,1
"321",148651067,1,1,0,NA,0,60,1,0,0,1
"322",148651457,1,0,0,NA,0,57,1,1,0,0
"323",148651458,0,1,0,NA,0,52,1,1,0,0
"324",148651527,0,0,1,NA,0,36,1,0,0,0
"325",148651534,0,0,0,1,1,63,1,0,0,1
"326",148651537,0,0,1,1,1,46,1,0,1,0
"327",148651544,1,1,1,NA,0,58,1,0,0,0
"328",148651560,0,0,1,NA,3,74,1,0,1,1
"329",148651645,1,0,0,NA,0,56,1,1,0,0
"330",148651687,1,0,1,0,1,51,0,1,1,0
"331",148651704,1,0,1,0,1,50,0,1,1,0
"332",148651710,1,1,0,0,1,66,0,1,1,1
"333",148651767,0,0,1,1,1,30,1,1,0,1
"334",148651985,1,0,0,1,1,60,0,1,1,0
"335",148652392,0,0,1,NA,3,62,0,1,1,1
"336",148653338,0,0,0,0,1,54,1,0,0,0
"337",148653488,1,0,0,NA,3,61,0,0,1,0
"338",148653595,1,1,1,NA,0,52,0,1,0,1
"339",148653674,1,1,0,1,1,54,1,1,1,0
"340",148654039,0,0,0,NA,0,47,1,0,0,0
"341",148654043,0,1,1,0,1,23,1,1,0,1
"342",148654627,1,1,1,1,1,32,1,1,1,0
"343",148654717,0,1,0,NA,3,70,0,0,1,1
"344",148654735,1,0,0,NA,0,55,1,0,1,0
"345",148654988,1,0,1,NA,2,53,1,1,0,1
"346",148655003,0,0,0,NA,0,61,1,0,0,0
"347",148655118,0,0,1,NA,3,69,0,0,0,1
"348",148655163,1,1,1,NA,0,61,1,1,0,0
"349",148655202,0,1,1,0,1,54,0,0,0,1
"350",148655281,1,0,1,1,1,60,0,1,0,0
"351",148656128,1,0,0,NA,3,57,1,1,1,0
"352",148656432,1,0,1,NA,3,66,0,1,0,0
"353",148656735,0,1,0,NA,3,62,1,0,0,1
"354",148657346,0,0,1,NA,0,19,0,1,1,0
"355",148657396,1,1,1,NA,3,74,0,1,0,0
"356",148658045,1,0,1,NA,3,67,0,0,0,1
"357",148658459,0,1,0,NA,3,63,0,0,0,1
"358",148658636,0,1,0,NA,3,63,1,1,1,1
"359",148659526,1,0,1,1,1,45,1,0,0,0
"360",148660118,1,0,1,1,1,29,0,1,0,1
"361",148660173,0,0,0,NA,0,53,0,1,1,0
"362",148661643,1,1,0,NA,3,65,0,1,0,0
"363",148662161,0,0,1,NA,0,67,1,0,0,0
"364",148662203,1,1,0,1,1,68,0,1,1,0
"365",148662218,0,0,1,1,1,56,0,0,1,1
"366",148662497,1,1,1,NA,0,60,1,0,0,0
"367",148662567,0,0,0,NA,3,65,0,0,0,0
"368",148663546,1,0,1,NA,0,31,1,1,0,1
"369",148663563,0,1,0,0,1,50,0,0,1,1
"370",148663586,1,0,0,1,1,58,0,1,1,0
"371",148664189,1,1,0,NA,3,72,0,0,1,1
"372",148664196,0,0,0,NA,3,73,0,0,0,1
"373",148664220,0,0,1,NA,0,49,1,0,0,1
"374",148664600,1,0,0,NA,0,41,1,1,1,0
"375",148664614,1,0,1,0,1,32,1,1,0,0
"376",148664683,0,0,1,0,1,42,1,1,0,1
"377",148664743,1,0,1,1,1,38,0,1,0,1
"378",148665518,1,1,0,0,1,24,1,1,0,0
"379",148665629,1,1,1,0,1,52,0,1,1,1
"380",148666208,0,0,1,0,1,27,1,1,0,0
"381",148666219,0,0,0,NA,0,55,0,0,0,1
"382",148666236,0,1,0,NA,0,55,1,0,0,0
"383",148666266,1,1,1,NA,0,50,1,1,0,0
"384",148666719,1,0,0,NA,2,43,1,1,0,0
"385",148666791,0,1,1,NA,3,69,1,1,1,1
"386",148667565,1,0,1,NA,3,66,1,0,0,0
"387",148667606,0,0,1,0,1,32,1,1,0,1
"388",148667608,0,0,0,1,1,33,1,1,1,1
"389",148667689,1,0,0,0,1,64,0,1,1,0
"390",148668227,0,0,0,NA,3,66,0,0,0,1
"391",148668644,1,1,1,NA,2,56,1,1,0,0
"392",148669395,1,0,0,NA,0,47,0,0,0,0
"393",148669481,0,1,0,1,1,31,0,1,1,1
"394",148669660,0,0,1,1,1,54,0,1,0,0
"395",148670125,1,1,1,1,1,26,0,1,1,0
"396",148670146,0,0,0,1,1,53,0,0,0,1
"397",148670416,0,0,1,NA,0,54,1,0,1,1
"398",148670447,1,0,1,NA,3,74,1,0,0,0
"399",148670584,1,0,1,0,1,35,1,1,1,0
"400",148671329,0,0,0,0,1,44,1,0,0,1
"401",148671338,1,0,1,0,1,43,0,0,0,0
"402",148671396,1,0,0,NA,3,62,1,1,0,1
"403",148671407,0,0,1,NA,2,67,0,1,1,1
"404",148671408,1,1,0,0,1,52,1,1,1,0
"405",148671437,0,0,0,NA,3,58,0,1,1,1
"406",148671985,0,0,0,1,1,52,0,1,1,0
"407",148672035,1,1,1,0,1,37,1,1,1,1
"408",148672063,0,0,0,NA,3,65,0,0,0,1
"409",148673358,1,0,0,NA,3,74,1,1,0,0
"410",148673989,1,0,0,NA,3,68,0,0,0,0
"411",148674019,0,0,0,NA,3,73,1,0,0,1
"412",148674048,1,0,1,NA,2,60,1,1,1,0
"413",148674469,0,0,1,0,1,38,1,1,1,0
"414",148674512,1,0,1,0,1,59,1,1,1,1
"415",148674601,1,0,0,0,1,61,0,1,0,0
"416",148674646,1,1,1,0,1,41,0,1,1,0
"417",148675227,1,0,1,NA,0,44,1,0,0,0
"418",148675291,1,0,1,NA,0,59,1,1,0,0
"419",148675293,1,0,1,0,1,33,0,1,1,0
"420",148675873,1,0,1,NA,3,70,0,1,1,0
"421",148675995,0,0,1,NA,0,49,1,0,0,0
"422",148676041,1,1,0,1,1,51,1,1,1,1
"423",148676505,1,0,0,NA,3,66,1,0,0,0
"424",148677357,0,0,1,NA,0,44,1,0,0,0
"425",148677411,0,0,0,NA,2,34,1,1,0,1
"426",148677420,0,0,0,NA,2,43,0,0,0,1
"427",148677451,1,0,0,NA,3,70,0,1,0,0
"428",148677452,1,0,1,NA,0,62,0,1,1,1
"429",148677490,1,1,1,1,1,50,0,1,0,1
"430",148678043,0,0,0,0,1,66,1,1,0,1
"431",148678071,0,0,0,0,1,48,0,1,1,1
"432",148678078,0,1,1,NA,3,73,1,0,0,1
"433",148678115,1,0,1,0,1,67,1,1,1,0
"434",148678256,1,0,1,NA,0,44,1,1,0,1
"435",148678416,0,1,1,NA,3,74,1,0,0,0
"436",148678425,0,1,1,1,1,52,0,0,0,0
"437",148678429,1,0,0,NA,3,62,0,0,0,1
"438",148678487,1,0,0,0,1,41,0,1,0,0
"439",148679246,0,1,1,0,1,57,0,0,0,1
"440",148679391,0,0,0,NA,2,55,1,1,0,1
"441",148679428,1,0,1,0,1,22,0,1,0,0
"442",148679483,1,0,1,NA,3,65,1,1,0,0
"443",148679543,0,1,0,NA,3,83,0,0,0,0
"444",148679574,1,0,1,0,1,66,1,0,1,0
"445",148679642,1,0,1,NA,2,51,1,1,0,1
"446",148680058,0,0,1,0,1,61,1,1,0,1
"447",148680525,0,0,0,NA,3,52,1,0,1,0
"448",148680630,1,0,1,NA,2,36,1,1,0,0
"449",148680736,0,1,1,NA,3,73,0,1,0,1
"450",148681562,1,1,1,NA,2,69,1,1,0,0
"451",148681575,0,0,0,0,1,56,1,0,0,0
"452",148681591,0,1,0,NA,0,57,1,0,0,0
"453",148681603,1,1,0,0,1,70,0,1,0,1
"454",148681668,1,1,1,0,1,29,1,1,1,0
"455",148681694,0,0,1,0,1,49,1,1,0,1
"456",148681718,1,0,1,NA,3,69,0,1,0,0
"457",148682275,0,1,1,NA,3,71,0,0,0,1
"458",148682320,1,0,1,0,1,65,0,1,1,0
"459",148682328,0,0,0,0,1,49,1,1,1,1
"460",148682346,0,1,0,NA,0,65,1,0,0,1
"461",148682600,0,0,1,NA,3,73,1,0,1,1
"462",148682822,0,0,0,1,1,33,1,1,1,1
"463",148683551,0,0,0,1,1,49,0,0,0,1
"464",148683579,1,1,1,1,1,30,1,1,1,1
"465",148683603,0,0,0,1,1,52,0,1,0,1
"466",148683628,0,1,1,NA,3,72,0,1,1,1
"467",148683734,1,0,1,NA,3,63,1,1,1,0
"468",148683747,0,0,0,NA,0,63,0,0,0,0
"469",148683775,0,1,0,NA,3,66,0,1,1,1
"470",148683838,0,1,1,NA,3,66,1,0,1,1
"471",148684064,0,0,1,0,1,61,0,1,1,1
"472",148684387,1,0,0,1,1,43,0,1,1,0
"473",148684765,1,0,1,1,1,36,1,1,1,0
"474",148684814,0,0,0,NA,3,64,0,1,1,0
"475",148684817,1,1,1,1,1,36,1,1,0,0
"476",148685550,1,0,0,1,1,39,0,0,0,0
"477",148685622,0,1,1,0,1,40,0,1,1,1
"478",148685623,0,0,0,0,1,59,1,0,1,1
"479",148685629,0,0,0,NA,3,74,1,0,0,0
"480",148685648,0,0,1,0,1,27,1,1,0,1
"481",148685652,1,0,0,1,1,31,0,1,1,0
"482",148685657,1,0,0,0,1,52,1,1,1,0
"483",148685673,1,0,0,0,1,42,0,1,0,1
"484",148685703,0,1,1,0,1,30,1,1,0,0
"485",148685733,1,1,1,1,1,59,0,1,0,0
"486",148685743,0,1,0,0,1,64,0,1,0,1
"487",148685826,0,0,0,NA,0,60,0,0,0,1
"488",148685832,0,0,0,NA,2,44,0,1,0,1
"489",148685917,0,0,0,NA,0,63,1,1,0,1
"490",148685957,0,0,0,0,1,54,0,0,0,0
"491",148686502,1,0,1,0,1,27,0,1,0,0
"492",148686508,0,1,1,1,1,42,0,1,1,1
"493",148686534,0,0,0,0,1,46,1,1,0,1
"494",148686917,1,0,1,0,1,58,0,1,1,0
"495",148687592,1,0,1,0,1,24,1,1,0,0
"496",148687635,1,0,1,NA,0,25,0,1,0,1
"497",148687701,1,0,1,NA,1,30,1,1,0,0
"498",148687726,1,0,1,NA,3,60,0,0,0,0
"499",148687745,1,0,1,0,1,48,1,1,0,0
"500",148687773,1,0,0,1,1,50,1,0,0,0
"501",148687787,0,0,1,1,1,31,0,1,1,1
"502",148687826,0,1,0,NA,3,76,1,1,1,1
"503",148687831,1,1,0,NA,3,57,0,1,1,0
"504",148687892,1,1,0,0,1,66,1,1,1,0
"505",148688231,0,0,0,NA,0,62,1,1,0,1
"506",148688349,1,0,1,1,1,32,1,1,0,0
"507",148688841,1,0,0,0,1,50,1,0,1,1
"508",148688856,0,0,0,NA,3,58,1,0,0,0
"509",148689071,1,1,1,0,1,63,1,1,1,1
"510",148689816,0,1,0,NA,0,70,1,0,1,1
"511",148689836,1,0,1,NA,0,37,1,0,0,0
"512",148689846,1,0,1,0,1,34,0,1,0,0
"513",148689858,1,1,1,NA,2,53,0,1,0,0
"514",148689954,1,1,0,0,1,65,1,1,1,0
"515",148689964,1,0,1,NA,3,72,1,1,1,0
"516",148691130,1,1,1,NA,3,70,1,1,1,0
"517",148691757,0,0,1,1,1,48,0,0,0,0
"518",148691819,1,0,0,NA,1,24,0,1,0,0
"519",148691825,0,0,0,1,1,58,0,1,0,1
"520",148691836,0,0,1,1,1,44,1,0,0,1
"521",148691892,1,1,1,NA,2,32,1,1,0,0
"522",148691926,1,0,0,NA,2,53,1,0,0,0
"523",148691931,0,0,1,0,1,47,1,0,0,0
"524",148691945,1,0,1,NA,0,24,1,1,0,1
"525",148691962,0,1,0,NA,3,67,0,1,1,1
"526",148692841,0,0,1,NA,0,48,1,0,1,1
"527",148692865,1,1,0,NA,0,49,1,0,0,0
"528",148693740,0,0,0,0,1,41,1,1,1,1
"529",148695716,0,0,0,0,1,71,0,1,1,1
"530",148695759,1,1,0,1,1,70,0,0,1,1
"531",148696217,1,0,0,NA,0,64,1,0,0,0
"532",148696867,1,0,1,0,1,31,0,1,0,0
"533",148696873,1,1,0,0,1,40,0,1,1,0
"534",148696884,0,0,1,1,1,37,1,1,0,0
"535",148697528,1,0,1,0,1,53,1,0,0,0
"536",148697624,1,0,0,1,1,53,0,1,1,0
"537",148697629,1,0,0,NA,3,69,0,0,1,0
"538",148698518,1,1,0,NA,3,66,1,0,1,0
"539",148698520,1,0,1,NA,3,67,1,0,0,0
"540",148698562,0,1,1,NA,0,60,0,0,0,1
"541",148699634,1,1,1,0,1,31,1,1,1,0
"542",148699653,0,0,1,NA,3,71,1,1,0,1
"543",148700368,0,0,1,0,1,46,0,0,0,1
"544",148700406,1,0,0,1,1,26,0,1,0,0
"545",148701025,1,0,0,0,1,60,0,1,1,1
"546",148702094,0,0,0,NA,2,55,0,0,0,1
"547",148702558,0,1,0,1,1,48,0,0,0,1
"548",148702770,0,0,1,1,1,60,0,1,1,1
"549",148703982,1,0,1,1,1,55,1,1,1,0
"550",148704368,1,0,1,1,1,25,0,1,0,0
"551",148704376,0,0,0,0,1,28,0,0,1,1
"552",148705830,1,0,0,0,1,58,1,0,0,1
"553",148705944,1,1,0,1,1,65,0,1,1,0
"554",148706215,1,1,1,0,1,38,1,1,0,0
"555",148706934,0,0,0,NA,0,59,0,0,0,0
"556",148706937,0,0,1,1,1,55,0,0,0,1
"557",148707122,0,1,1,NA,3,77,0,1,1,1
"558",148707474,0,0,1,0,1,33,1,0,0,1
"559",148708520,0,1,0,NA,0,59,1,1,1,0
"560",148709391,0,0,1,1,1,59,1,1,0,0
"561",148709931,0,0,0,NA,0,64,0,0,0,1
"562",148710060,1,1,0,1,1,53,0,1,0,0
"563",148710512,0,1,1,NA,3,66,1,1,1,0
"564",148710751,0,1,1,NA,3,77,1,0,0,1
"565",148711859,1,0,1,NA,0,29,0,1,0,0
"566",148712984,1,0,1,NA,2,21,0,0,0,0
"567",148713522,1,1,1,0,1,26,0,1,0,0
"568",148713648,1,1,1,0,1,58,1,1,1,0
"569",148713797,0,0,0,NA,0,50,1,0,1,1
"570",148713846,1,0,1,NA,2,41,1,1,0,0
"571",148714556,1,1,1,0,1,28,0,1,0,0
"572",148714921,1,1,0,0,1,29,0,1,0,1
"573",148715032,0,1,0,0,1,53,0,1,0,1
"574",148715344,0,0,1,NA,0,42,1,0,1,0
"575",148715378,1,0,1,NA,3,73,1,1,1,1
"576",148716456,1,0,1,0,1,41,0,0,1,0
"577",148716595,1,0,0,NA,3,70,1,1,0,0
"578",148716689,0,0,0,NA,3,69,1,0,0,0
"579",148717404,1,1,0,NA,3,85,1,1,0,0
"580",148717437,0,0,1,NA,3,67,0,1,1,1
"581",148717876,1,0,0,0,1,61,0,1,1,0
"582",148717954,0,0,1,NA,3,68,0,0,0,0
"583",148718357,1,0,1,NA,2,45,1,1,0,0
"584",148718985,1,1,0,NA,0,54,0,0,0,1
"585",148719193,1,1,1,0,1,63,0,1,0,0
"586",148719248,1,1,0,0,1,61,1,1,1,0
"587",148719549,1,0,1,NA,0,23,0,1,1,0
"588",148719863,1,0,1,NA,2,19,1,1,1,0
"589",148720604,0,1,0,1,1,60,0,1,0,0
"590",148720899,0,0,0,NA,3,63,0,0,0,1
"591",148720956,0,1,0,0,1,59,0,1,1,1
"592",148721094,1,0,1,0,1,35,0,1,1,0
"593",148721120,0,0,0,0,1,69,0,1,1,1
"594",148721386,1,0,1,NA,0,60,1,1,1,0
"595",148721919,0,0,0,NA,2,45,0,1,0,0
"596",148721971,1,1,1,0,1,22,1,1,0,0
"597",148722141,1,1,0,NA,0,58,0,1,1,1
"598",148722922,0,1,0,NA,3,63,1,0,1,1
"599",148723935,1,1,0,NA,3,75,0,1,0,0
"600",148723949,0,1,0,0,1,62,0,1,1,1
"601",148724024,1,0,0,NA,0,52,0,1,0,0
"602",148724560,1,0,0,NA,3,77,1,0,0,0
"603",148725019,1,0,1,0,1,41,0,1,1,0
"604",148725602,0,0,0,NA,3,69,1,0,0,0
"605",148725603,0,1,0,NA,0,57,1,0,0,1
"606",148725607,0,1,1,NA,3,60,1,0,0,1
"607",148725608,1,1,1,NA,0,63,1,0,0,0
"608",148725625,0,1,0,NA,3,78,0,0,0,1
"609",148725631,1,1,0,1,1,58,0,0,0,0
"610",148725648,1,0,1,NA,0,24,1,1,0,1
"611",148725707,1,0,0,NA,0,46,1,0,0,0
"612",148725748,0,0,1,NA,2,48,1,1,0,0
"613",148725749,0,0,1,NA,0,48,1,1,0,0
"614",148725754,0,0,0,1,1,50,0,1,1,1
"615",148725765,1,1,1,0,1,43,0,1,1,0
"616",148725768,0,0,1,1,1,48,0,1,1,1
"617",148725905,1,1,0,NA,0,71,1,1,0,0
"618",148726623,1,1,1,0,1,32,0,1,1,0
"619",148726659,1,0,1,NA,2,51,1,1,1,0
"620",148727292,1,0,1,1,1,59,0,1,0,0
"621",148727313,0,0,0,NA,0,58,1,1,1,1
"622",148727338,1,0,1,0,1,62,1,1,0,0
"623",148727346,0,0,0,1,1,65,0,1,0,1
"624",148727399,1,1,1,0,1,40,0,0,1,0
"625",148727430,0,1,0,NA,3,50,1,1,0,0
"626",148727436,1,0,0,NA,2,53,0,1,0,0
"627",148727444,0,1,0,NA,0,58,0,0,1,0
"628",148727455,1,0,0,NA,0,55,0,0,0,0
"629",148727529,0,0,0,1,1,50,1,1,0,0
"630",148727542,0,0,1,1,1,52,0,1,1,1
"631",148727593,1,1,0,0,1,56,0,1,1,0
"632",148728164,0,0,1,0,1,60,1,0,0,0
"633",148728606,0,0,0,NA,0,45,0,1,0,1
"634",148728615,0,0,0,0,1,64,0,1,1,1
"635",148728628,0,1,1,NA,2,44,0,1,0,1
"636",148728665,0,0,0,0,1,61,1,1,0,1
"637",148728695,1,0,1,1,1,67,1,1,0,0
"638",148728756,0,1,1,0,1,43,0,1,1,1
"639",148729256,0,1,1,NA,0,58,0,1,0,1
"640",148729262,1,0,0,NA,0,57,0,1,1,0
"641",148729264,0,0,0,1,1,54,1,1,1,1
"642",148729279,1,0,1,NA,3,72,1,1,0,0
"643",148729299,0,0,0,NA,3,65,0,1,0,1
"644",148729366,0,1,1,NA,3,81,0,0,0,0
"645",148729403,1,0,0,NA,0,53,0,0,0,0
"646",148729412,0,0,1,0,1,53,1,0,1,0
"647",148729438,1,0,0,1,1,48,0,0,1,0
"648",148729557,1,1,0,NA,2,62,1,1,1,0
"649",148729676,0,0,0,NA,1,51,1,0,0,0
"650",148729819,0,0,0,NA,3,78,1,0,1,1
"651",148730245,1,1,1,0,1,30,1,1,0,0
"652",148730316,1,1,0,0,1,63,1,1,1,0
"653",148730325,0,0,1,0,1,35,0,1,0,0
"654",148730331,1,0,0,NA,1,25,1,1,1,0
"655",148730853,0,1,1,1,1,46,0,0,1,1
"656",148731685,1,1,0,NA,3,84,0,1,0,0
"657",148731710,0,0,1,0,1,53,0,1,1,0
"658",148732085,0,0,1,0,1,57,1,1,0,1
"659",148732092,1,0,1,NA,2,54,1,1,0,0
"660",148732109,1,0,1,0,1,56,1,1,1,0
"661",148733313,0,1,0,0,1,33,1,0,0,1
"662",148733344,1,0,1,0,1,30,0,1,1,0
"663",148733416,0,0,1,NA,3,55,0,1,1,1
"664",148733445,0,0,0,1,1,51,0,0,1,1
"665",148733871,1,1,1,NA,3,65,1,1,0,0
"666",148733930,0,0,0,0,1,40,1,1,1,1
"667",148733945,0,0,1,0,1,40,0,1,1,1
"668",148734454,1,0,1,NA,2,29,1,1,0,1
"669",148734536,1,0,1,0,1,31,0,1,1,0
"670",148734553,1,0,0,NA,2,64,0,1,1,0
"671",148735014,0,1,0,NA,0,52,1,1,1,1
"672",148735028,1,0,1,0,1,56,1,1,1,0
"673",148735299,1,1,0,0,1,72,1,0,1,0
"674",148735576,1,0,0,0,1,62,0,1,1,0
"675",148735577,0,1,0,1,1,48,0,1,1,1
"676",148735694,0,0,0,NA,1,29,0,1,1,1
"677",148736309,1,1,0,NA,2,64,0,1,0,0
"678",148736313,1,1,1,0,1,30,0,1,0,0
"679",148736393,1,0,0,NA,3,69,0,0,0,0
"680",148736525,1,1,0,NA,0,54,1,1,1,0
"681",148736558,0,0,0,0,1,61,1,1,1,1
"682",148736593,1,0,0,0,1,47,1,1,1,0
"683",148736605,0,0,0,NA,3,67,1,1,0,1
"684",148736654,1,0,1,0,1,56,1,1,0,0
"685",148736920,1,1,0,NA,0,63,0,0,0,0
"686",148737852,0,1,1,1,1,32,0,1,0,0
"687",148737853,0,0,0,1,1,23,0,1,0,0
"688",148737935,0,0,0,NA,3,81,0,1,1,1
"689",148738131,0,0,1,1,1,25,0,1,1,1
"690",148738204,1,0,0,NA,3,68,1,0,0,0
"691",148739053,1,0,0,NA,3,77,0,1,1,0
"692",148739172,1,1,1,NA,2,38,0,1,0,0
"693",148739471,0,0,1,0,1,26,1,1,1,1
"694",148739480,1,1,1,NA,0,48,1,0,1,0
"695",148739498,1,0,1,NA,2,19,1,0,1,0
"696",148739549,1,1,1,0,1,66,0,1,1,0
"697",148739741,0,0,1,NA,3,66,1,0,0,1
"698",148739841,1,0,1,NA,3,70,1,1,0,0
"699",148740176,1,0,1,1,1,29,0,1,1,0
"700",148740191,0,1,1,NA,3,47,0,0,0,1
"701",148740209,1,0,1,NA,3,64,1,1,0,1
"702",148740253,1,1,1,NA,3,75,0,1,0,0
"703",148740535,1,1,0,0,1,58,0,1,1,0
"704",148740544,0,0,0,0,1,29,0,1,0,0
"705",148741102,1,0,0,1,1,63,0,1,0,1
"706",148741303,1,0,1,0,1,52,0,1,0,0
"707",148741586,1,0,1,NA,0,53,1,0,1,1
"708",148741773,1,0,1,1,1,35,1,1,0,0
"709",148741874,0,0,1,NA,3,58,1,0,0,1
"710",148742399,0,1,0,0,1,55,0,1,0,0
"711",148742632,0,1,1,NA,0,23,1,1,0,0
"712",148742644,0,1,0,1,1,31,0,0,0,1
"713",148742649,1,0,1,NA,2,25,1,1,1,1
"714",148742665,0,0,1,1,1,24,1,1,0,0
"715",148742693,1,0,1,0,1,22,1,0,0,0
"716",148742799,1,0,0,NA,2,50,0,1,0,0
"717",148742958,0,0,1,1,1,32,1,1,1,1
"718",148743366,1,0,0,NA,2,62,1,0,0,1
"719",148743416,1,1,0,0,1,55,0,0,0,1
"720",148743472,0,0,0,1,1,70,0,1,1,1
"721",148743834,0,0,1,1,1,54,0,1,1,1
"722",148743920,1,0,0,0,1,45,0,1,1,0
"723",148744159,1,1,0,0,1,58,0,0,0,0
"724",148744258,1,0,0,NA,0,56,0,1,0,0
"725",148744312,0,1,0,0,1,59,0,0,1,1
"726",148744404,1,1,0,NA,0,53,0,1,1,0
"727",148744408,0,0,0,0,1,58,0,1,0,0
"728",148744447,0,0,0,NA,3,74,0,0,0,1
"729",148744478,0,0,1,0,1,56,0,1,0,0
"730",148744754,1,0,1,1,1,44,1,1,0,0
"731",148744765,0,0,0,NA,3,74,1,0,0,1
"732",148744882,1,1,0,0,1,59,1,1,1,0
"733",148745364,0,0,1,0,1,19,1,0,0,0
"734",148745399,0,0,1,0,1,48,1,1,0,1
"735",148745476,0,0,0,0,1,57,1,1,1,0
"736",148745973,1,0,1,NA,3,62,0,1,1,0
"737",148746017,0,0,0,1,1,51,0,0,0,1
"738",148746021,0,0,0,NA,3,61,0,0,0,1
"739",148746357,0,0,1,NA,3,67,1,0,0,0
"740",148746584,0,1,1,1,1,50,0,0,0,0
"741",148746604,1,0,1,NA,0,32,1,1,1,0
"742",148746724,0,0,0,0,1,43,1,1,0,1
"743",148747047,0,0,0,NA,3,68,1,1,1,1
"744",148747647,1,1,1,0,1,43,0,1,1,0
"745",148748585,1,1,1,0,1,59,0,1,1,0
"746",148748647,1,1,1,1,1,48,0,1,0,0
"747",148749153,0,0,1,NA,3,66,0,0,0,0
"748",148749302,0,0,1,0,1,64,0,1,0,0
"749",148749674,1,1,0,NA,3,56,1,1,1,0
"750",148749853,1,1,0,NA,3,64,1,0,0,1
"751",148750015,1,1,1,0,1,21,1,1,0,1
"752",148750256,0,0,1,0,1,26,1,1,0,1
"753",148750671,1,1,1,NA,0,27,1,0,1,1
"754",148750753,0,1,1,NA,3,76,0,1,0,1
"755",148750919,0,0,0,NA,3,64,0,0,0,0
"756",148751359,0,1,1,NA,3,66,1,1,0,1
"757",148751382,0,0,1,NA,0,53,1,0,0,0
"758",148751438,1,0,1,NA,3,72,1,0,0,1
"759",148751484,0,0,0,1,1,53,0,0,1,0
"760",148752051,0,0,1,0,1,55,0,1,0,1
"761",148752538,1,1,1,NA,3,63,0,0,0,0
"762",148752808,1,0,1,NA,0,38,1,1,0,1
"763",148753121,0,0,0,0,1,46,0,0,0,1
"764",148753134,0,0,0,NA,0,39,1,0,0,0
"765",148753163,1,1,1,0,1,61,0,1,1,0
"766",148753166,0,1,0,1,1,55,0,0,0,0
"767",148753171,1,1,1,NA,3,67,0,0,0,0
"768",148753738,1,1,1,NA,0,62,1,1,1,0
"769",148754051,0,0,1,1,1,21,1,1,0,0
"770",148754191,0,1,0,1,1,42,0,1,0,0
"771",148754251,0,1,0,NA,3,78,0,1,1,1
"772",148754316,0,0,1,1,1,62,0,1,1,1
"773",148754721,0,0,0,NA,3,62,1,0,0,1
"774",148754876,0,0,0,NA,1,48,1,1,0,1
"775",148754913,0,0,1,NA,0,50,1,0,0,1
"776",148754922,0,1,0,NA,0,43,0,0,0,1
"777",148754941,1,0,0,NA,0,56,0,0,0,1
"778",148754969,0,0,0,0,1,50,1,1,0,0
"779",148755478,0,0,0,NA,0,55,1,1,0,0
"780",148755482,1,1,1,0,1,62,0,1,1,0
"781",148755866,1,1,1,NA,0,34,1,0,0,1
"782",148755916,1,0,1,NA,3,64,0,1,0,0
"783",148755966,0,1,0,1,1,61,0,1,0,1
"784",148756687,0,0,0,1,1,37,1,0,0,0
"785",148756688,0,1,0,NA,0,58,0,0,0,0
"786",148756716,1,1,1,0,1,59,0,1,0,0
"787",148756718,1,0,0,NA,3,69,0,0,0,1
"788",148756719,0,0,1,NA,3,69,1,0,0,1
"789",148756723,0,0,0,1,1,57,0,0,0,1
"790",148756727,1,0,0,NA,3,54,0,0,1,0
"791",148756733,0,0,0,NA,3,58,0,0,0,1
"792",148756737,0,0,0,NA,3,72,0,0,0,1
"793",148756740,0,0,0,0,1,64,0,1,1,1
"794",148756751,0,0,1,NA,3,79,1,0,0,0
"795",148756762,0,0,1,NA,2,67,1,0,0,1
"796",148756807,1,1,1,NA,3,75,1,0,0,1
"797",148757243,1,1,1,NA,3,68,0,1,1,0
"798",148757618,0,0,0,1,1,50,0,1,1,0
"799",148757702,0,0,1,NA,2,41,0,1,0,1
"800",148757996,1,0,1,NA,2,34,1,1,0,0
"801",148758178,1,0,0,NA,2,80,1,1,0,0
"802",148758368,0,0,0,1,1,48,1,0,0,0
"803",148758409,0,0,0,NA,3,62,1,0,0,1
"804",148758411,0,0,0,NA,3,72,0,0,0,0
"805",148758418,1,0,1,NA,0,45,1,1,1,1
"806",148758430,0,1,1,0,1,67,1,0,1,1
"807",148758469,0,0,0,NA,0,49,1,0,0,0
"808",148758617,1,0,1,NA,0,19,1,1,0,0
"809",148758749,1,0,0,NA,2,59,1,1,0,0
"810",148758811,1,0,1,0,1,62,0,1,0,0
"811",148758813,1,0,0,0,1,58,0,1,0,0
"812",148758891,1,0,1,0,1,28,1,1,1,1
"813",148759200,1,0,1,NA,2,28,1,1,0,0
"814",148759308,0,0,0,0,1,63,0,0,0,0
"815",148759344,0,1,0,NA,3,76,0,1,0,1
"816",148759450,1,0,0,NA,3,69,0,1,0,1
"817",148759589,1,1,1,NA,3,71,1,1,0,0
"818",148760045,1,0,0,NA,0,58,1,0,1,0
"819",148760055,0,0,0,NA,0,50,1,0,0,0
"820",148760078,0,0,1,0,1,25,1,0,0,1
"821",148760118,0,0,1,0,1,54,1,0,1,1
"822",148760131,0,1,0,NA,1,66,0,0,1,0
"823",148760147,0,0,0,NA,3,90,1,0,0,1
"824",148760150,1,0,1,NA,0,46,1,1,0,1
"825",148760164,1,0,1,0,1,26,1,1,0,0
"826",148760972,1,1,1,0,1,64,0,1,0,0
"827",148761091,1,0,1,NA,0,59,0,1,1,0
"828",148761180,1,1,1,NA,3,63,0,1,1,1
"829",148761732,1,1,1,0,1,53,1,1,0,0
"830",148761735,0,0,0,NA,0,30,1,1,0,0
"831",148761745,1,0,0,0,1,45,1,0,0,0
"832",148761855,0,0,1,1,1,55,1,0,0,1
"833",148761862,0,1,1,1,1,49,1,0,1,0
"834",148761884,0,0,0,NA,2,65,0,1,1,1
"835",148761889,1,1,0,NA,3,64,0,1,1,0
"836",148761890,1,0,1,0,1,53,1,1,1,0
"837",148761945,1,0,0,NA,2,52,0,1,0,0
"838",148762670,1,1,1,NA,0,30,1,0,1,0
"839",148763358,0,0,0,NA,0,56,1,1,0,1
"840",148763530,0,1,1,1,1,46,0,0,0,1
"841",148763538,0,0,0,NA,3,71,0,1,0,1
"842",148763546,1,0,0,NA,3,65,0,0,0,1
"843",148763555,1,0,1,NA,0,68,1,0,0,0
"844",148763557,0,0,0,NA,0,65,1,0,0,1
"845",148763572,1,0,0,NA,3,84,0,0,0,0
"846",148763576,0,1,0,1,1,70,1,0,0,0
"847",148763586,0,1,1,NA,3,64,0,0,0,1
"848",148763638,1,0,0,NA,3,71,1,0,0,0
"849",148763993,1,1,0,0,1,48,0,1,1,0
"850",148764304,1,0,1,0,1,33,1,0,0,0
"851",148764337,1,0,1,1,1,45,0,0,0,0
"852",148764360,1,0,0,0,1,22,1,1,1,0
"853",148764476,0,0,0,1,1,49,0,1,1,1
"854",148764495,0,1,0,1,1,63,0,0,0,1
"855",148764667,0,1,1,NA,0,46,1,1,1,1
"856",148764757,0,1,0,NA,0,55,1,0,0,0
"857",148765126,0,0,0,NA,0,49,1,1,0,1
"858",148765148,1,0,0,NA,3,48,0,1,1,1
"859",148765194,0,0,1,NA,3,64,1,1,0,0
"860",148765203,0,0,1,NA,2,65,1,1,1,0
"861",148765262,1,0,1,NA,3,71,0,1,0,0
"862",148765269,0,0,1,NA,0,73,1,0,1,1
"863",148765271,0,0,1,NA,3,62,0,0,1,1
"864",148765298,1,0,0,NA,3,65,0,0,1,0
"865",148765299,0,0,0,NA,3,65,1,0,0,0
"866",148765301,1,0,0,NA,2,59,0,0,0,0
"867",148765312,0,1,1,NA,3,75,1,0,0,0
"868",148766070,0,0,1,1,1,29,0,1,0,1
"869",148766087,1,0,1,1,1,46,0,0,1,0
"870",148766137,1,0,1,NA,2,49,1,0,0,0
"871",148766392,0,1,0,NA,3,63,1,1,1,1
"872",148766886,0,0,0,0,1,50,1,0,1,1
"873",148766946,1,1,1,0,1,33,1,1,0,1
"874",148767057,0,0,0,NA,3,67,0,0,0,1
"875",148767062,1,1,1,NA,3,73,1,0,1,1
"876",148767068,0,0,0,NA,3,68,1,0,0,1
"877",148767096,1,1,0,1,1,55,1,1,0,0
"878",148767121,1,1,0,NA,3,66,0,1,1,0
"879",148767127,1,1,1,NA,0,54,1,1,1,1
"880",148767146,1,0,1,NA,2,48,0,0,1,0
"881",148767149,1,1,1,0,1,28,1,1,0,0
"882",148767150,0,0,0,NA,3,67,1,0,0,0
"883",148767217,1,0,1,NA,3,66,1,1,1,0
"884",148767444,0,1,1,1,1,32,0,1,1,1
"885",148767932,0,0,0,NA,0,31,0,0,0,1
"886",148768887,1,0,1,NA,0,77,1,0,0,0
"887",148768893,0,0,1,NA,0,65,1,0,1,1
"888",148768894,0,0,0,NA,3,81,1,0,0,1
"889",148768901,0,0,0,0,1,56,1,1,0,0
"890",148768905,1,0,1,0,1,51,1,1,0,0
"891",148768922,0,0,1,NA,3,79,1,1,1,0
"892",148768924,1,1,0,NA,3,64,1,1,1,0
"893",148768988,0,0,0,NA,3,64,0,0,0,0
"894",148769321,1,0,1,0,1,28,0,1,0,0
"895",148769369,1,0,1,0,1,25,1,1,0,0
"896",148769561,1,1,1,NA,3,68,1,1,0,0
"897",148769791,0,0,1,NA,3,76,0,1,0,1
"898",148769898,0,0,1,0,1,51,0,1,1,1
"899",148770496,1,0,1,0,1,54,1,1,0,0
"900",148770515,1,0,0,0,1,38,1,1,0,1
"901",148770566,0,0,0,NA,3,67,1,0,0,0
"902",148770570,0,0,1,NA,0,54,1,0,0,0
"903",148770632,1,1,0,NA,0,53,1,1,0,0
"904",148770642,0,0,0,NA,1,43,1,1,0,0
"905",148770656,0,1,1,NA,0,71,1,0,0,0
"906",148770667,1,0,1,NA,0,39,0,0,0,1
"907",148770671,1,1,1,NA,3,81,0,0,0,1
"908",148770675,1,0,1,0,1,54,1,0,1,0
"909",148770682,0,1,1,1,1,58,0,0,0,1
"910",148770690,1,0,0,NA,3,74,0,0,0,1
"911",148770691,1,0,0,1,1,23,1,1,0,1
"912",148770701,0,0,0,1,1,38,1,1,1,0
"913",148770707,1,0,0,NA,3,72,1,0,0,0
"914",148770756,0,0,0,1,1,47,0,0,1,1
"915",148771010,0,1,0,1,1,62,0,1,1,1
"916",148771587,1,0,0,NA,0,50,0,0,0,0
"917",148771872,1,0,1,NA,3,63,1,1,0,0
"918",148772304,1,1,0,1,1,53,1,1,1,0
"919",148772306,0,0,1,1,1,49,1,1,1,1
"920",148772447,1,0,0,NA,3,67,1,0,0,0
"921",148772492,1,0,0,NA,3,68,1,0,0,0
"922",148772496,1,0,0,NA,3,65,0,0,1,1
"923",148772501,0,1,1,NA,1,74,1,0,0,1
"924",148772577,1,0,1,0,1,52,0,1,1,0
"925",148773383,1,1,1,1,1,50,0,1,1,0
"926",148774273,0,0,1,NA,1,26,1,1,0,0
"927",148774283,1,1,0,NA,0,62,0,0,0,0
"928",148774367,0,0,1,NA,3,64,0,1,1,1
"929",148774663,0,0,1,0,1,26,1,0,0,1
"930",148775245,0,0,1,0,1,55,0,0,0,1
"931",148776211,1,0,0,NA,3,69,0,0,0,0
"932",148776231,1,0,0,0,1,50,0,1,1,0
"933",148776238,0,0,1,NA,2,47,0,0,0,0
"934",148776534,0,0,1,0,1,23,0,1,1,1
"935",148776623,1,0,0,NA,2,63,1,1,1,1
"936",148777063,0,0,0,1,1,43,0,0,0,0
"937",148777337,0,1,0,1,1,64,0,1,1,0
"938",148777691,0,1,0,NA,3,78,1,0,0,1
"939",148778011,1,0,1,NA,0,22,1,1,1,0
"940",148778041,0,1,0,NA,0,41,0,0,0,1
"941",148778044,1,0,0,0,1,48,0,1,0,0
"942",148778151,1,0,0,NA,2,58,1,1,0,0
"943",148778440,1,0,0,NA,0,57,1,0,1,0
"944",148778603,1,0,1,0,1,56,0,1,1,1
"945",148778942,1,0,0,NA,0,36,0,0,0,0
"946",148779189,0,1,1,NA,0,60,0,1,1,0
"947",148779883,1,0,0,0,1,39,1,1,0,1
"948",148779891,1,0,0,1,1,28,0,1,1,0
"949",148779984,0,0,1,0,1,45,0,1,1,1
"950",148780007,0,0,0,1,1,60,1,0,1,1
"951",148780815,0,0,1,1,1,54,0,0,0,0
"952",148781105,1,0,0,NA,0,46,0,1,1,0
"953",148781827,1,1,0,0,1,56,1,1,1,1
"954",148781857,1,1,1,0,1,47,1,1,0,0
"955",148782346,0,0,1,1,1,31,0,1,1,1
"956",148782440,0,0,1,0,1,43,0,1,1,1
"957",148782457,0,1,1,0,1,60,1,0,1,1
"958",148782486,0,1,0,NA,3,71,1,0,0,1
"959",148782513,1,0,0,NA,0,52,1,0,0,1
"960",148782603,0,0,0,NA,3,77,1,0,0,1
"961",148783161,1,0,0,NA,0,56,1,1,0,0
"962",148783218,1,1,0,1,1,61,0,1,0,0
"963",148783301,1,1,0,NA,3,64,1,1,0,0
"964",148783303,1,1,1,0,1,59,0,1,1,0
"965",148783342,0,0,1,0,1,51,1,1,1,1
"966",148783353,1,0,1,NA,2,55,1,1,0,1
"967",148783388,0,0,0,NA,0,64,0,1,1,1
"968",148783391,1,1,0,0,1,61,1,1,1,0
"969",148783471,1,1,0,NA,0,51,0,1,0,0
"970",148783503,1,1,0,NA,3,67,0,1,1,0
"971",148783558,0,0,0,1,1,57,0,1,1,1
"972",148783624,0,0,1,NA,2,36,1,1,1,1
"973",148784485,1,0,0,NA,0,57,0,0,0,0
"974",148784834,0,0,0,0,1,40,0,1,1,1
"975",148785015,0,0,1,0,1,40,0,1,0,1
"976",148785094,0,0,0,0,1,47,1,0,0,1
"977",148785112,0,1,0,1,1,52,0,0,1,1
"978",148785134,0,0,0,1,1,37,1,0,0,1
"979",148785166,0,0,1,0,1,61,1,0,1,0
"980",148785170,0,0,0,1,1,57,1,0,0,0
"981",148785177,1,1,1,NA,3,67,0,0,1,0
"982",148785196,0,0,0,0,1,47,1,0,0,0
"983",148785730,0,0,1,0,1,62,1,1,1,1
"984",148785740,1,0,1,1,1,64,0,1,1,0
"985",148785765,1,1,0,NA,3,69,0,1,0,1
"986",148785793,0,0,0,0,1,70,0,1,1,1
"987",148785822,0,0,0,NA,3,73,0,1,0,0
"988",148785856,0,1,1,NA,0,60,0,1,1,1
"989",148785882,0,0,0,NA,3,74,0,1,1,1
"990",148785910,0,0,0,0,1,57,0,1,1,1
"991",148785917,0,0,1,NA,0,64,1,1,0,1
"992",148785920,1,0,1,1,1,54,1,1,0,0
"993",148785935,1,1,0,NA,3,71,0,1,1,1
"994",148785944,0,0,0,NA,2,57,0,1,0,1
"995",148785982,1,0,0,NA,2,69,0,1,1,0
"996",148785983,0,1,1,NA,3,65,0,1,0,0
"997",148785987,1,0,1,NA,0,41,1,1,0,0
"998",148786053,1,0,0,NA,0,72,1,1,0,0
"999",148786083,1,0,0,NA,3,64,1,1,1,0
"1000",148786113,0,0,1,NA,3,64,1,1,0,0
"1001",148786173,0,0,1,1,1,50,0,1,1,1
"1002",148786202,0,0,0,1,1,55,0,1,0,1
"1003",148786227,0,0,0,NA,3,68,0,1,0,0
"1004",148786572,1,0,0,0,1,56,0,1,1,0
"1005",148786961,1,0,0,NA,0,34,1,1,0,0
"1006",148787019,1,0,0,NA,3,68,1,0,0,0
"1007",148787039,0,0,0,0,1,54,1,1,0,0
"1008",148787464,1,1,1,0,1,52,1,1,1,0
"1009",148787597,1,1,1,0,1,55,1,1,1,0
"1010",148787612,1,0,1,0,1,31,0,1,1,0
"1011",148787635,1,0,1,NA,3,66,1,0,0,0
"1012",148787677,1,1,0,NA,3,67,1,0,1,0
"1013",148787680,0,0,0,NA,0,53,0,0,0,0
"1014",148787686,1,1,1,NA,2,60,1,0,1,0
"1015",148787714,0,1,0,1,1,36,1,0,0,0
"1016",148787721,0,0,0,1,1,43,1,0,1,0
"1017",148787727,1,0,0,NA,0,56,1,0,0,0
"1018",148787765,0,0,1,1,1,43,1,0,0,1
"1019",148788299,0,0,1,1,1,39,0,1,1,1
"1020",148788335,0,0,1,1,1,54,0,1,1,0
"1021",148788352,1,1,0,NA,0,61,0,1,0,0
"1022",148788355,1,1,1,NA,0,55,1,1,0,0
"1023",148788405,1,1,1,NA,3,66,1,1,1,1
"1024",148788445,1,0,0,0,1,71,1,1,1,0
"1025",148788514,1,1,1,1,1,54,0,1,0,0
"1026",148788527,0,0,1,0,1,52,0,1,1,0
"1027",148788547,0,0,0,0,1,53,0,1,0,1
"1028",148788645,0,1,1,NA,0,52,0,1,0,0
"1029",148788719,0,0,1,NA,0,68,1,1,0,1
"1030",148788737,1,1,0,0,1,56,1,1,0,0
"1031",148788749,1,0,1,NA,0,25,1,1,1,0
"1032",148788782,1,0,0,0,1,59,0,1,1,0
"1033",148788790,0,1,0,NA,3,74,0,1,0,1
"1034",148789057,0,1,0,NA,3,65,0,1,1,1
"1035",148789559,1,0,1,1,1,29,0,1,0,0
"1036",148789606,0,0,1,NA,3,63,1,0,0,0
"1037",148790044,0,0,0,NA,2,41,1,1,0,0
"1038",148790080,0,0,1,1,1,35,1,1,1,1
"1039",148790088,0,0,1,NA,0,37,0,1,0,0
"1040",148790189,0,0,0,1,1,50,0,0,1,1
"1041",148790193,0,0,0,1,1,55,1,0,0,0
"1042",148790213,0,1,1,NA,1,53,0,0,0,1
"1043",148790222,1,1,1,NA,3,73,0,0,0,1
"1044",148790228,0,1,0,NA,0,44,1,0,1,1
"1045",148790240,1,0,1,NA,2,58,1,0,1,0
"1046",148790243,1,1,0,NA,0,56,0,0,0,0
"1047",148790262,0,0,1,1,1,56,1,0,0,1
"1048",148790867,0,0,1,1,1,46,0,1,0,1
"1049",148790902,1,0,1,1,1,69,1,1,1,0
"1050",148790982,1,1,0,NA,3,65,1,1,1,0
"1051",148790994,0,0,0,0,1,45,1,1,0,0
"1052",148791011,1,0,0,NA,3,63,1,1,1,0
"1053",148791047,0,0,0,NA,0,58,1,1,0,0
"1054",148791085,0,0,1,NA,3,72,0,1,1,1
"1055",148791100,0,0,1,NA,0,65,1,1,0,0
"1056",148791120,1,0,1,NA,0,61,0,1,0,0
"1057",148791227,0,0,1,0,1,61,0,1,0,0
"1058",148791229,0,1,1,NA,2,69,1,1,1,1
"1059",148791238,1,0,1,1,1,43,0,1,1,0
"1060",148791242,1,1,1,0,1,38,1,1,1,0
"1061",148791250,0,0,0,NA,3,68,0,1,0,1
"1062",148791257,0,0,0,NA,3,82,1,1,0,1
"1063",148791267,0,0,1,NA,3,68,1,1,1,1
"1064",148791276,0,0,0,1,1,61,1,1,0,0
"1065",148791292,0,1,0,NA,3,81,0,1,1,1
"1066",148791432,1,0,1,NA,2,19,0,0,1,0
"1067",148791613,0,0,0,1,1,47,0,0,0,1
"1068",148791865,1,1,1,0,1,41,1,1,0,0
"1069",148792113,0,0,1,NA,2,43,1,1,0,1
"1070",148792137,1,0,1,NA,3,65,1,1,0,0
"1071",148792138,1,1,0,NA,3,64,1,1,0,0
"1072",148792142,1,0,0,NA,0,26,0,1,1,0
"1073",148792147,1,1,0,NA,0,21,1,1,0,1
"1074",148792604,1,1,0,NA,3,86,0,1,1,0
"1075",148792811,1,1,0,NA,3,78,1,0,0,1
"1076",148792852,1,0,1,NA,3,62,1,0,0,0
"1077",148792860,0,1,1,1,1,69,0,0,1,1
"1078",148792877,1,0,0,NA,3,64,0,0,0,0
"1079",148792889,0,0,1,NA,0,62,1,0,0,0
"1080",148792912,0,0,0,NA,3,65,1,0,0,0
"1081",148792918,0,0,0,0,1,61,0,0,1,1
"1082",148793444,1,0,0,NA,0,59,0,1,0,0
"1083",148793491,0,1,0,1,1,46,1,1,0,0
"1084",148793532,1,1,0,NA,3,70,0,1,0,0
"1085",148793562,1,1,0,NA,2,51,1,1,1,1
"1086",148793565,0,0,0,NA,0,55,1,1,1,0
"1087",148793596,0,0,0,NA,0,46,1,1,1,0
"1088",148793616,1,1,1,1,1,52,0,1,0,0
"1089",148793619,1,0,0,1,1,50,1,1,0,0
"1090",148793628,1,0,1,0,1,55,1,1,0,0
"1091",148793641,1,1,1,NA,0,55,1,1,0,1
"1092",148793713,0,1,1,NA,0,63,1,1,0,0
"1093",148793841,0,0,0,NA,2,47,1,1,0,1
"1094",148793871,1,0,1,0,1,39,1,1,0,0
"1095",148794008,0,0,0,0,1,56,0,1,1,1
"1096",148794024,1,0,1,NA,0,54,0,0,0,0
"1097",148794596,1,0,1,0,1,37,1,1,0,0
"1098",148794661,1,0,0,NA,0,57,0,1,0,0
"1099",148794682,0,0,1,NA,0,64,1,1,0,0
"1100",148794712,1,0,1,0,1,58,0,1,1,0
"1101",148794717,1,0,0,0,1,50,0,1,1,1
"1102",148794721,0,0,0,NA,0,66,1,1,0,0
"1103",148794725,0,0,1,NA,0,46,1,1,1,1
"1104",148794785,0,0,0,0,1,54,0,1,0,1
"1105",148794938,1,0,0,0,1,27,1,1,0,0
"1106",148795147,1,1,0,0,1,63,1,1,1,0
"1107",148795350,1,0,1,NA,3,64,1,0,0,0
"1108",148795354,0,0,0,NA,0,56,1,0,1,0
"1109",148795363,0,0,0,0,1,61,1,0,0,1
"1110",148795448,0,0,0,NA,3,64,1,0,1,1
"1111",148795907,0,1,0,1,1,58,0,1,1,0
"1112",148795934,0,1,1,0,1,58,0,1,1,1
"1113",148796015,1,0,0,NA,3,69,1,1,0,1
"1114",148796031,1,1,0,1,1,60,0,1,0,0
"1115",148796034,0,1,1,NA,0,35,0,1,1,1
"1116",148796041,0,0,0,NA,2,58,1,1,0,1
"1117",148796061,1,0,1,0,1,43,0,1,1,1
"1118",148796126,0,0,0,NA,3,73,1,1,1,1
"1119",148796190,0,0,0,1,1,63,0,1,1,1
"1120",148796217,0,0,0,0,1,53,1,1,0,1
"1121",148796288,0,0,0,NA,0,48,0,1,0,1
"1122",148796290,0,0,1,1,1,57,1,1,0,0
"1123",148796292,0,1,1,1,1,40,0,1,0,1
"1124",148796386,0,1,1,NA,0,60,1,0,0,0
"1125",148796387,0,1,1,NA,0,25,1,0,0,0
"1126",148796421,0,0,1,NA,2,22,1,0,0,0
"1127",148796502,0,0,1,1,1,48,0,1,1,1
"1128",148796895,1,0,1,NA,3,64,1,1,1,0
"1129",148797221,1,0,1,1,1,57,1,1,0,1
"1130",148797229,1,0,0,NA,0,27,0,1,1,0
"1131",148797231,0,0,0,NA,3,57,0,0,0,1
"1132",148797238,1,0,1,0,1,42,0,0,1,0
"1133",148797244,1,1,1,NA,0,55,1,0,0,0
"1134",148797246,1,0,0,NA,3,57,1,1,0,1
"1135",148797251,0,1,1,NA,2,57,0,0,0,1
"1136",148797283,0,0,1,0,1,39,1,1,1,0
"1137",148797286,1,1,1,0,1,69,1,1,1,0
"1138",148797318,1,0,1,1,1,48,1,1,0,0
"1139",148797319,1,0,1,0,1,59,1,1,0,0
"1140",148797329,0,0,1,NA,0,31,1,1,0,0
"1141",148797337,0,1,1,0,1,68,0,1,1,1
"1142",148797465,0,0,1,NA,3,68,0,1,0,1
"1143",148797797,0,0,0,0,1,46,1,1,0,1
"1144",148797974,0,0,0,NA,0,60,1,0,0,1
"1145",148797978,0,0,0,1,1,65,1,0,0,1
"1146",148798070,1,0,1,0,1,39,1,0,0,0
"1147",148798189,1,0,0,NA,3,83,0,1,0,1
"1148",148798542,1,0,1,NA,3,75,1,1,1,0
"1149",148798561,1,1,1,NA,3,66,0,1,0,0
"1150",148798571,1,1,0,NA,0,70,1,1,0,0
"1151",148798609,0,1,1,0,1,63,1,1,1,1
"1152",148798695,0,1,0,1,1,56,0,1,1,1
"1153",148798705,0,1,0,NA,3,75,1,1,0,1
"1154",148798707,1,1,1,0,1,62,0,1,0,0
"1155",148798709,1,1,1,NA,0,51,1,1,0,0
"1156",148798722,0,1,0,0,1,35,1,1,0,0
"1157",148798727,1,0,1,NA,3,62,1,1,0,1
"1158",148798754,1,0,0,NA,3,76,0,1,1,1
"1159",148798784,0,0,0,0,1,54,0,1,1,1
"1160",148798792,1,0,0,NA,3,73,0,1,0,0
"1161",148798794,0,0,1,NA,2,42,1,1,0,1
"1162",148798830,1,1,1,NA,0,75,1,1,0,0
"1163",148798839,0,0,0,NA,3,56,0,1,0,0
"1164",148798840,1,0,1,NA,2,59,0,1,1,0
"1165",148798900,1,1,1,NA,3,59,0,1,0,0
"1166",148798919,1,0,1,NA,0,40,0,1,0,0
"1167",148799113,0,0,0,NA,3,75,0,1,1,1
"1168",148799213,0,0,0,NA,3,70,0,1,1,1
"1169",148799517,0,0,1,NA,2,76,1,1,0,1
"1170",148799761,0,0,1,1,1,34,0,1,0,1
"1171",148799776,0,1,1,1,1,37,1,1,0,0
"1172",148799782,1,0,1,NA,2,56,0,1,1,0
"1173",148799784,0,0,0,0,1,34,0,1,1,0
"1174",148799788,0,0,1,NA,0,34,1,1,1,0
"1175",148799789,1,1,1,0,1,54,1,1,1,0
"1176",148799918,1,0,0,0,1,54,1,1,0,0
"1177",148799945,0,0,0,1,1,51,0,0,0,0
"1178",148800266,1,0,1,NA,3,63,0,1,1,0
"1179",148800391,0,0,0,1,1,44,1,0,1,0
"1180",148800416,1,1,0,NA,0,61,1,0,0,1
"1181",148800432,1,1,1,NA,3,76,1,0,0,0
"1182",148800440,0,0,0,1,1,78,0,0,1,1
"1183",148800516,0,0,1,NA,0,30,1,0,0,0
"1184",148801052,0,0,1,NA,3,56,1,1,0,1
"1185",148801105,0,0,0,NA,0,45,0,1,0,0
"1186",148801124,1,0,1,NA,0,40,1,1,0,0
"1187",148801150,0,0,0,NA,0,61,1,1,0,0
"1188",148801214,1,0,0,NA,3,69,1,1,0,1
"1189",148801260,0,0,0,NA,3,66,1,1,1,0
"1190",148801261,1,1,0,0,1,54,0,1,0,0
"1191",148801267,0,0,0,NA,0,62,1,1,1,1
"1192",148801414,1,0,0,0,1,29,1,1,0,1
"1193",148801600,1,0,0,0,1,66,0,1,1,1
"1194",148801672,1,1,0,NA,0,58,0,0,0,0
"1195",148802213,1,0,1,1,1,58,1,0,0,1
"1196",148802225,1,0,1,1,1,29,0,1,1,0
"1197",148802249,1,0,0,NA,0,58,0,1,1,0
"1198",148802271,1,0,1,0,1,32,0,1,0,0
"1199",148802279,0,1,0,0,1,50,1,1,1,0
"1200",148802287,0,0,0,NA,0,39,0,1,0,0
"1201",148802300,1,1,0,NA,3,66,0,1,0,0
"1202",148802783,0,1,1,NA,0,43,1,1,0,1
"1203",148802789,0,0,0,0,1,25,0,1,1,1
"1204",148802869,0,0,0,NA,0,42,1,0,0,0
"1205",148802872,0,1,1,NA,3,69,1,0,0,0
"1206",148802927,0,1,0,NA,3,65,1,0,1,1
"1207",148802965,1,0,0,NA,3,76,0,0,0,1
"1208",148802970,1,1,0,1,1,53,1,0,0,0
"1209",148802971,0,0,0,NA,3,66,1,0,0,0
"1210",148802972,0,0,0,NA,0,35,1,0,1,1
"1211",148802990,0,0,0,NA,0,56,1,0,0,0
"1212",148802994,1,0,0,NA,0,45,1,0,0,0
"1213",148803449,1,0,0,1,1,67,1,1,0,0
"1214",148803456,1,0,0,1,1,68,0,1,1,0
"1215",148803502,1,1,0,NA,3,65,0,1,0,0
"1216",148803543,1,0,1,NA,0,47,0,1,0,1
"1217",148803555,0,0,1,NA,3,70,1,1,0,1
"1218",148803628,1,0,1,0,1,54,0,0,0,0
"1219",148803790,0,1,0,NA,3,66,0,1,0,1
"1220",148804514,0,0,1,0,1,55,1,1,0,0
"1221",148804532,1,1,0,0,1,59,0,1,0,0
"1222",148804543,1,0,0,1,1,34,0,1,1,0
"1223",148804545,1,0,0,NA,0,64,0,1,0,1
"1224",148804562,0,1,1,NA,0,48,0,1,1,1
"1225",148804591,0,1,1,1,1,61,1,1,1,1
"1226",148804593,0,0,0,NA,0,58,1,1,0,0
"1227",148804604,1,1,1,NA,3,77,0,1,0,0
"1228",148804606,0,0,0,NA,2,78,0,1,0,1
"1229",148804641,0,0,0,NA,0,62,1,1,0,1
"1230",148805108,0,1,1,1,1,42,0,1,1,1
"1231",148805198,1,0,1,NA,2,56,0,0,1,0
"1232",148805768,0,1,0,1,1,41,0,0,1,1
"1233",148806517,1,0,0,NA,0,34,1,1,0,0
"1234",148806573,1,0,1,0,1,28,1,1,0,0
"1235",148806680,0,0,0,NA,0,49,0,0,0,1
"1236",148806688,0,0,0,0,1,55,1,1,1,1
"1237",148806698,0,1,0,NA,3,81,0,0,0,1
"1238",148806702,1,0,1,0,1,53,1,1,0,1
"1239",148806736,0,0,0,1,1,64,0,1,1,1
"1240",148806739,0,0,0,0,1,46,0,1,1,0
"1241",148806756,1,0,0,0,1,50,0,1,1,0
"1242",148806773,1,0,0,0,1,54,0,1,1,0
"1243",148807205,1,1,0,0,1,44,1,1,0,0
"1244",148807294,1,1,1,0,1,31,0,1,1,1
"1245",148807370,1,0,1,NA,0,38,0,1,1,0
"1246",148807393,0,0,0,NA,3,64,1,0,0,0
"1247",148807449,0,1,1,0,1,25,1,0,0,0
"1248",148808225,1,1,1,NA,3,67,0,1,0,0
"1249",148808496,0,0,0,NA,3,72,1,0,0,0
"1250",148808833,1,0,0,1,1,48,1,0,0,0
"1251",148808835,1,0,1,1,1,47,0,1,1,0
"1252",148808852,1,0,1,NA,0,48,1,0,0,0
"1253",148808870,0,0,0,1,1,47,0,1,1,1
"1254",148808900,0,0,0,0,1,55,0,1,1,0
"1255",148808937,0,0,0,NA,1,44,0,1,0,1
"1256",148809074,0,0,0,1,1,28,1,0,0,1
"1257",148809465,1,1,1,NA,0,57,1,1,1,0
"1258",148809535,0,0,0,NA,0,59,0,0,0,1
"1259",148809550,1,1,0,0,1,47,1,0,0,0
"1260",148810258,1,0,1,1,1,22,0,1,0,0
"1261",148810303,1,1,1,0,1,57,0,1,1,0
"1262",148810320,1,1,0,1,1,52,0,1,1,0
"1263",148810926,1,0,0,1,1,51,0,0,1,0
"1264",148810942,0,0,0,NA,3,57,0,0,0,1
"1265",148810973,0,0,0,0,1,56,1,1,0,1
"1266",148810978,1,0,0,0,1,56,0,1,1,1
"1267",148811105,1,0,1,NA,0,19,1,1,1,0
"1268",148811586,0,0,1,0,1,42,0,1,0,1
"1269",148812097,1,0,1,NA,0,50,1,0,1,0
"1270",148812345,0,1,1,1,1,62,0,1,1,1
"1271",148812384,1,0,1,NA,3,56,0,1,0,0
"1272",148812495,1,0,1,NA,0,57,1,1,1,0
"1273",148812501,0,0,0,1,1,54,1,1,1,0
"1274",148812686,1,1,1,0,1,45,1,1,1,0
"1275",148812977,1,0,1,0,1,20,1,1,0,0
"1276",148812997,1,1,0,NA,1,64,0,1,0,0
"1277",148813125,1,1,0,NA,0,53,1,1,1,0
"1278",148813252,1,0,0,NA,3,70,1,1,0,0
"1279",148813577,0,0,0,1,1,44,0,1,1,1
"1280",148814061,1,1,1,NA,0,23,0,1,0,0
"1281",148814376,0,1,0,NA,3,75,0,0,0,1
"1282",148814837,1,0,1,NA,0,29,1,1,0,1
"1283",148814982,0,0,1,0,1,45,0,0,0,1
"1284",148815000,0,0,1,NA,2,55,1,1,0,0
"1285",148815016,1,0,0,NA,1,63,1,1,1,0
"1286",148815369,1,0,0,NA,2,44,1,0,0,0
"1287",148815443,1,0,1,1,1,26,1,1,0,0
"1288",148815472,0,0,1,0,1,44,0,1,1,0
"1289",148817046,0,0,0,1,1,64,0,0,1,0
"1290",148817069,1,0,0,NA,3,61,1,1,1,0
"1291",148817169,0,1,0,1,1,70,0,1,0,0
"1292",148817644,1,0,0,0,1,36,0,1,1,0
"1293",148819015,0,0,0,NA,0,62,0,0,0,1
"1294",148819024,0,0,0,0,1,62,0,1,1,1
"1295",148819043,1,0,0,0,1,51,1,1,1,0
"1296",148819670,1,1,1,0,1,52,0,1,1,0
"1297",148819750,0,0,0,NA,2,52,1,0,0,1
"1298",148820301,0,1,0,0,1,55,1,1,1,1
"1299",148821030,1,0,0,NA,2,47,0,1,0,1
"1300",148821044,1,0,0,NA,3,71,0,0,0,0
"1301",148821143,1,1,0,0,1,28,1,1,1,0
"1302",148822761,1,0,1,NA,0,32,1,1,0,0
"1303",148822890,1,0,0,NA,0,58,1,0,0,0
"1304",148822957,0,0,0,NA,2,54,1,0,0,0
"1305",148822992,0,1,0,NA,3,66,0,0,0,0
"1306",148824234,0,0,1,0,1,45,1,1,1,1
"1307",148824237,1,0,1,0,1,63,1,1,0,0
"1308",148824270,1,0,1,NA,3,62,1,1,0,0
"1309",148824291,0,0,1,NA,3,68,1,1,0,0
"1310",148824295,0,0,1,0,1,67,0,1,0,1
"1311",148824312,1,0,1,NA,3,62,0,1,0,0
"1312",148824328,0,1,1,NA,0,21,1,1,1,1
"1313",148824436,1,0,0,1,1,24,1,1,0,0
"1314",148824443,1,1,0,0,1,53,0,0,1,1
"1315",148824989,0,0,1,1,1,46,0,1,0,0
"1316",148825543,0,0,1,1,1,40,0,1,1,1
"1317",148825633,1,0,1,NA,0,32,1,1,1,0
"1318",148825647,1,1,0,NA,2,52,0,0,0,1
"1319",148825652,0,0,0,0,1,51,0,0,0,0
"1320",148825685,1,0,1,NA,3,71,1,0,0,0
"1321",148826198,0,1,1,1,1,58,1,1,1,1
"1322",148826214,0,1,0,NA,3,61,0,1,0,1
"1323",148826774,1,1,1,NA,0,23,0,0,0,0
"1324",148826838,0,0,1,0,1,42,1,0,0,1
"1325",148826879,1,0,1,1,1,22,1,1,0,0
"1326",148826935,1,0,1,NA,1,22,0,1,0,1
"1327",148827516,1,0,1,0,1,34,0,1,0,0
"1328",148827561,1,1,0,0,1,24,0,1,0,0
"1329",148828744,0,1,1,0,1,40,1,0,0,0
"1330",148829236,0,0,0,0,1,28,1,1,0,0
"1331",148829316,1,1,0,1,1,43,0,1,1,0
"1332",148829643,0,0,0,0,1,49,0,0,0,0
"1333",148830533,1,1,1,1,1,46,0,1,0,1
"1334",148830547,0,0,0,NA,3,66,0,0,0,0
"1335",148830548,0,1,0,NA,3,77,0,0,0,1
"1336",148831077,1,0,1,0,1,33,0,1,1,0
"1337",148831653,1,0,1,NA,0,23,1,1,1,0
"1338",148831686,0,0,1,NA,0,53,1,0,0,0
"1339",148832225,0,1,0,NA,0,61,0,0,0,1
"1340",148832370,1,0,0,NA,2,34,1,1,0,0
"1341",148832851,1,1,1,NA,2,62,1,1,1,0
"1342",148833990,0,0,0,NA,2,51,0,0,0,0
"1343",148834074,0,0,0,0,1,37,1,0,1,0
"1344",148834156,0,1,1,NA,3,70,1,1,1,1
"1345",148834681,1,0,1,NA,0,38,1,1,1,1
"1346",148834738,1,0,0,0,1,24,0,1,0,0
"1347",148834757,0,0,0,NA,0,52,0,1,1,0
"1348",148835194,1,0,1,0,1,61,1,1,0,1
"1349",148835786,1,0,0,1,1,43,0,0,0,0
"1350",148835886,0,0,0,NA,3,52,0,0,0,0
"1351",148835890,0,0,1,NA,1,50,0,0,0,1
"1352",148836360,0,1,0,1,1,35,1,1,1,1
"1353",148836423,0,1,1,0,1,31,0,1,0,1
"1354",148836986,1,1,0,NA,0,21,1,1,0,1
"1355",148837011,0,1,0,1,1,29,1,1,0,0
"1356",148837638,1,0,1,NA,0,24,1,1,0,0
"1357",148837688,0,1,0,1,1,63,0,1,1,1
"1358",148837726,0,0,0,NA,3,65,1,0,0,0
"1359",148838785,1,0,1,0,1,28,1,1,0,0
"1360",148839192,1,1,1,1,1,46,1,0,1,0
"1361",148839399,1,1,1,NA,0,52,1,0,0,1
"1362",148839458,0,0,1,0,1,54,1,1,1,1
"1363",148840021,0,0,0,0,1,55,0,1,1,0
"1364",148840507,1,0,1,NA,0,22,0,1,1,0
"1365",148840683,0,0,0,NA,3,60,1,1,0,1
"1366",148840788,1,1,1,NA,0,51,1,1,0,0
"1367",148841137,1,0,0,NA,3,61,1,1,1,1
"1368",148841672,1,0,1,0,1,30,1,1,0,0
"1369",148842796,1,0,1,NA,0,20,1,1,0,0
"1370",148843316,1,1,1,NA,2,50,1,0,0,0
"1371",148843854,1,0,0,1,1,39,0,0,0,0
"1372",148844291,0,0,1,0,1,44,1,1,0,1
"1373",148844590,0,0,0,NA,3,64,1,0,0,1
"1374",148844607,1,0,1,NA,2,58,0,0,0,0
"1375",148844610,1,0,1,0,1,47,0,1,0,1
"1376",148845523,1,1,1,0,1,29,0,1,0,0
"1377",148845878,0,1,0,NA,3,68,1,1,0,1
"1378",148845894,0,0,1,NA,3,58,1,1,1,1
"1379",148846347,0,0,1,NA,0,48,0,0,0,1
"1380",148846352,1,1,0,NA,3,62,1,0,0,0
"1381",148846353,0,0,1,1,1,47,1,0,0,0
"1382",148846898,0,0,0,1,1,49,0,1,1,1
"1383",148846928,0,0,1,NA,3,72,1,1,0,1
"1384",148848054,0,0,1,1,1,57,0,0,1,0
"1385",148848074,0,0,1,NA,3,64,0,0,0,0
"1386",148848087,0,0,0,1,1,46,0,1,1,1
"1387",148848088,0,0,0,0,1,60,1,0,0,1
"1388",148848115,1,1,0,NA,0,61,0,0,0,0
"1389",148848116,0,0,1,0,1,34,1,0,0,0
"1390",148848121,0,0,1,0,1,51,1,0,0,1
"1391",148849040,1,1,1,NA,0,55,1,0,0,0
"1392",148849068,0,0,0,NA,3,76,1,0,0,0
"1393",148849383,1,1,1,NA,3,76,1,0,0,1
"1394",148849520,1,0,0,NA,0,58,1,0,0,0
"1395",148849843,0,1,1,0,1,56,1,0,1,0
"1396",148849850,1,0,0,NA,2,49,0,1,0,0
"1397",148849854,0,0,1,NA,0,21,1,1,1,0
"1398",148849863,0,0,1,1,1,62,1,0,1,1
"1399",148849865,0,0,1,0,1,24,1,1,0,1
"1400",148849872,1,0,1,1,1,60,1,0,0,1
"1401",148850483,1,1,1,NA,0,29,0,1,0,1
"1402",148851035,0,1,1,NA,2,53,1,0,0,0
"1403",148851361,1,0,0,0,1,46,1,1,1,0
"1404",148851553,1,0,1,0,1,25,1,1,0,0
"1405",148851569,0,0,0,NA,3,61,0,0,0,0
"1406",148851583,0,1,0,0,1,63,0,0,0,1
"1407",148851605,0,0,0,1,1,51,0,0,0,0
"1408",148851628,1,1,0,NA,3,54,1,1,0,0
"1409",148851632,1,0,1,0,1,48,1,1,1,0
"1410",148851644,0,0,1,0,1,56,1,0,0,1
"1411",148851647,1,0,0,0,1,30,0,1,0,1
"1412",148851671,0,0,1,NA,0,51,1,0,1,1
"1413",148852177,0,0,1,NA,3,59,1,1,0,0
"1414",148852513,0,0,1,0,1,22,0,1,1,1
"1415",148852748,0,0,1,1,1,52,0,0,0,1
"1416",148852757,1,1,0,1,1,59,0,0,0,1
"1417",148852758,0,1,0,1,1,58,0,0,1,1
"1418",148852763,1,0,0,NA,3,63,0,0,1,1
"1419",148852773,0,0,0,NA,0,27,1,1,0,1
"1420",148852794,0,0,1,0,1,36,1,1,0,1
"1421",148852805,0,1,0,0,1,52,0,0,1,0
"1422",148852825,1,0,0,1,1,60,1,1,1,0
"1423",148852828,0,1,1,NA,3,83,1,0,0,1
"1424",148852915,0,1,0,NA,3,62,0,1,1,0
"1425",148853608,1,0,0,NA,0,59,1,0,0,0
"1426",148853921,0,0,0,NA,2,53,1,1,0,1
"1427",148854118,1,0,1,NA,0,63,1,1,0,1
"1428",148854386,1,1,1,NA,3,69,1,0,0,1
"1429",148854634,0,1,1,1,1,62,0,0,1,1
"1430",148854648,1,1,1,NA,0,23,1,1,1,0
"1431",148854665,1,1,1,0,1,43,0,1,1,0
"1432",148854668,0,1,1,NA,3,60,0,0,0,1
"1433",148854672,1,0,0,1,1,57,0,0,0,1
"1434",148854721,0,0,0,NA,3,69,1,1,0,0
"1435",148854727,1,1,1,0,1,26,0,1,1,0
"1436",148854735,0,0,0,NA,0,55,0,1,0,0
"1437",148854755,1,0,1,NA,2,35,0,0,0,0
"1438",148854756,1,1,0,NA,3,69,1,0,0,0
"1439",148854759,0,0,1,NA,3,55,1,0,0,1
"1440",148854769,1,0,0,NA,3,61,1,0,1,0
"1441",148855256,1,0,0,0,1,46,1,0,0,1
"1442",148855291,0,1,0,0,1,56,1,1,1,1
"1443",148856099,0,0,0,NA,3,60,0,1,0,1
"1444",148856458,0,0,1,1,1,36,0,0,0,0
"1445",148856476,0,0,0,NA,2,28,1,1,0,0
"1446",148856527,1,0,1,0,1,56,1,1,1,0
"1447",148856558,1,0,0,0,1,34,1,1,0,0
"1448",148856620,0,0,0,0,1,29,0,1,0,0
"1449",148856643,1,1,1,0,1,25,0,1,1,0
"1450",148856653,1,0,0,NA,0,53,0,1,0,0
"1451",148856658,0,1,1,0,1,56,1,0,1,1
"1452",148856669,0,0,1,0,1,28,1,1,0,0
"1453",148856670,0,0,0,0,1,42,1,1,0,0
"1454",148856677,0,0,0,1,1,57,0,1,0,0
"1455",148856685,1,0,1,NA,0,63,1,1,0,0
"1456",148856688,1,0,0,NA,1,58,0,1,0,0
"1457",148856699,0,0,1,NA,3,64,1,0,0,0
"1458",148856705,1,1,1,0,1,56,0,1,1,1
"1459",148856726,1,0,1,0,1,56,1,1,0,1
"1460",148856730,1,1,1,0,1,63,0,1,1,0
"1461",148856743,1,0,1,0,1,46,1,1,1,0
"1462",148856769,0,1,0,1,1,49,0,1,1,1
"1463",148856772,0,0,0,NA,3,63,1,0,0,0
"1464",148856785,0,0,0,1,1,48,0,1,1,1
"1465",148856802,0,0,1,NA,3,74,0,0,1,1
"1466",148857403,0,0,0,1,1,48,1,1,0,1
"1467",148857444,0,1,1,NA,0,51,1,1,0,0
"1468",148857553,0,0,0,0,1,31,1,1,0,0
"1469",148857572,1,1,0,NA,3,70,0,0,0,0
"1470",148857579,1,1,1,0,1,51,1,1,0,0
"1471",148857584,0,1,1,NA,0,19,1,1,1,0
"1472",148857657,1,1,0,1,1,48,0,1,1,0
"1473",148857822,1,1,1,NA,0,55,1,0,0,0
"1474",148858000,0,0,0,NA,3,63,1,1,1,0
"1475",148858115,1,0,0,NA,0,58,1,1,0,0
"1476",148858376,0,0,0,1,1,37,0,0,0,0
"1477",148858442,1,0,0,0,1,51,0,1,1,1
"1478",148858539,1,1,1,0,1,25,1,1,0,0
"1479",148858550,0,0,0,NA,0,42,0,0,0,0
"1480",148858551,1,0,0,0,1,46,1,0,0,0
"1481",148858553,0,0,0,0,1,56,1,1,1,1
"1482",148858556,1,0,1,0,1,59,1,0,1,1
"1483",148858563,1,1,1,0,1,59,1,0,0,1
"1484",148858571,0,0,0,1,1,27,0,1,1,1
"1485",148858581,1,1,0,NA,0,54,0,0,0,0
"1486",148858606,1,0,1,NA,0,45,0,1,1,0
"1487",148858609,1,1,1,0,1,29,0,1,0,0
"1488",148858614,0,0,0,0,1,69,1,1,1,1
"1489",148858660,1,0,0,NA,2,56,1,0,0,0
"1490",148858661,1,1,1,0,1,50,1,1,1,0
"1491",148858665,0,0,1,NA,3,71,1,0,0,1
"1492",148858666,1,0,0,NA,0,36,0,1,0,0
"1493",148858674,1,1,1,NA,3,85,0,0,1,0
"1494",148858681,0,0,0,NA,0,20,1,1,1,1
"1495",148858682,1,0,1,NA,2,47,1,1,0,0
"1496",148858683,0,1,0,NA,0,38,1,0,0,0
"1497",148858691,1,0,1,1,1,67,0,0,0,1
"1498",148858694,0,0,1,0,1,41,0,1,0,1
"1499",148859148,0,1,1,0,1,34,1,0,0,0
"1500",148859345,0,1,0,NA,0,51,1,1,1,1
"1501",148859425,1,1,1,NA,3,70,0,1,1,0
"1502",148859436,1,0,0,0,1,52,1,1,0,0
"1503",148859469,0,1,0,NA,2,73,1,1,1,1
"1504",148859502,0,1,1,NA,0,34,1,1,0,0
"1505",148859569,0,0,0,1,1,47,1,1,0,1
"1506",148859615,0,1,0,NA,0,30,1,1,0,0
"1507",148859626,0,1,1,1,1,58,0,0,1,1
"1508",148860270,1,1,0,NA,0,47,1,1,0,0
"1509",148860380,0,0,0,NA,0,57,1,0,0,0
"1510",148860520,1,1,1,0,1,57,0,1,1,0
"1511",148860522,1,0,1,NA,0,31,1,1,0,0
"1512",148860581,1,0,0,NA,0,49,1,0,0,1
"1513",148860586,1,0,1,NA,3,52,0,0,0,0
"1514",148860589,1,1,1,NA,3,64,1,0,0,0
"1515",148860591,1,0,0,NA,2,59,1,1,0,0
"1516",148860602,0,0,0,NA,3,60,0,1,1,1
"1517",148860614,1,0,0,NA,3,63,0,1,0,0
"1518",148860616,1,1,0,NA,3,64,0,1,0,0
"1519",148860635,0,1,1,NA,2,59,1,0,0,1
"1520",148860653,0,1,0,NA,3,75,1,0,0,1
"1521",148860663,0,0,0,NA,3,70,1,1,0,0
"1522",148860666,1,0,0,NA,3,75,1,0,0,1
"1523",148860725,1,0,1,NA,3,58,0,1,0,0
"1524",148861250,0,0,1,NA,2,47,1,1,1,1
"1525",148861509,0,1,1,0,1,62,1,0,0,0
"1526",148862116,0,0,0,0,1,54,0,0,1,1
"1527",148862125,0,1,0,NA,2,53,1,1,0,1
"1528",148862149,1,1,0,NA,0,62,1,1,1,0
"1529",148862221,0,1,0,NA,0,37,1,0,1,0
"1530",148862398,1,1,0,0,1,53,1,1,1,1
"1531",148862401,0,0,0,1,1,32,1,1,0,1
"1532",148862402,0,0,0,NA,3,62,1,0,1,0
"1533",148862439,1,0,1,0,1,57,0,0,0,1
"1534",148862445,0,0,1,NA,0,62,1,0,0,1
"1535",148862456,1,0,0,0,1,57,0,0,0,0
"1536",148862469,0,0,1,0,1,62,1,0,0,1
"1537",148862470,1,0,1,0,1,54,0,1,1,0
"1538",148862478,0,1,1,1,1,58,1,0,0,1
"1539",148862488,0,0,0,NA,0,35,1,0,0,0
"1540",148862499,0,0,0,1,1,57,1,0,0,0
"1541",148862521,0,0,1,0,1,55,1,0,1,0
"1542",148862530,1,1,1,0,1,64,1,1,0,0
"1543",148862944,0,1,1,NA,3,73,1,0,0,1
"1544",148863282,1,1,1,0,1,31,1,1,1,0
"1545",148863412,1,1,1,NA,0,57,0,0,0,0
"1546",148864005,1,1,0,0,1,57,0,0,0,0
"1547",148864202,0,1,1,1,1,46,1,0,0,0
"1548",148864288,1,1,1,0,1,56,0,1,1,0
"1549",148864298,1,0,0,NA,0,59,0,1,1,0
"1550",148864308,0,0,0,0,1,29,0,1,1,0
"1551",148864325,0,1,1,NA,0,59,1,0,0,0
"1552",148864343,0,1,1,NA,2,58,1,0,1,0
"1553",148864346,0,1,0,NA,0,53,1,1,0,1
"1554",148864374,1,0,0,NA,0,59,0,1,0,0
"1555",148864380,1,1,1,1,1,55,1,1,1,1
"1556",148864390,0,0,1,NA,3,78,1,0,0,1
"1557",148864391,1,0,0,NA,3,46,1,1,1,0
"1558",148864405,1,0,1,0,1,47,0,1,0,1
"1559",148864425,0,0,1,NA,3,66,1,0,1,0
"1560",148864426,0,0,1,NA,0,51,1,1,0,0
"1561",148864430,0,1,1,NA,3,64,1,1,1,1
"1562",148864449,1,1,0,NA,0,48,1,0,0,0
"1563",148865051,0,1,1,1,1,52,1,1,1,1
"1564",148865288,1,0,1,NA,0,54,0,1,0,1
"1565",148865983,0,0,0,NA,3,66,1,0,1,1
"1566",148866126,1,0,0,NA,0,57,0,0,1,0
"1567",148866144,1,0,0,1,1,57,0,1,0,0
"1568",148866151,0,0,1,0,1,35,1,1,0,1
"1569",148866158,1,0,0,NA,0,52,1,1,0,1
"1570",148866177,1,0,1,NA,3,72,1,0,0,1
"1571",148866185,1,0,1,NA,0,64,1,0,0,0
"1572",148866190,1,0,1,0,1,58,0,1,0,0
"1573",148866191,0,0,1,0,1,36,1,1,0,0
"1574",148866207,1,1,0,NA,3,60,0,0,1,0
"1575",148866213,0,0,0,NA,0,48,1,0,0,0
"1576",148866215,1,0,1,NA,0,64,0,0,0,0
"1577",148866217,0,0,0,NA,0,31,1,0,1,0
"1578",148866218,0,1,1,0,1,50,0,0,0,0
"1579",148866233,1,0,1,1,1,68,0,1,1,0
"1580",148866236,0,1,1,NA,0,47,0,0,0,0
"1581",148866239,0,0,0,NA,0,81,1,0,1,1
"1582",148866244,0,0,1,NA,3,72,1,0,1,1
"1583",148866520,1,1,1,NA,0,68,0,0,0,0
"1584",148867162,0,0,0,0,1,48,1,1,0,1
"1585",148867164,1,0,0,1,1,50,1,1,0,0
"1586",148867333,1,1,1,NA,0,21,0,1,1,0
"1587",148868044,1,0,0,NA,3,59,0,0,0,0
"1588",148868045,1,1,0,NA,3,83,1,0,0,0
"1589",148868052,1,1,1,NA,0,24,1,1,0,0
"1590",148868086,0,1,1,0,1,75,1,1,0,1
"1591",148868099,0,1,1,1,1,30,1,1,0,0
"1592",148868103,0,1,0,1,1,50,0,0,1,1
"1593",148868109,0,0,0,NA,0,84,1,0,0,1
"1594",148868124,1,1,0,NA,3,59,0,0,0,0
"1595",148868138,0,0,0,NA,3,70,1,0,0,0
"1596",148868139,0,1,0,1,1,47,0,0,1,1
"1597",148868142,0,1,1,0,1,62,1,1,0,0
"1598",148868151,1,1,0,NA,0,44,1,1,1,1
"1599",148868193,0,1,1,0,1,59,0,1,1,1
"1600",148868266,1,1,0,0,1,50,0,0,0,0
"1601",148868280,1,1,1,0,1,42,0,0,1,0
"1602",148868488,1,1,0,NA,3,63,0,1,0,1
"1603",148868493,1,1,0,NA,2,22,0,1,1,0
"1604",148868770,1,0,1,0,1,47,1,1,1,0
"1605",148869107,1,0,1,NA,3,57,0,1,0,0
"1606",148869521,1,1,0,NA,3,64,1,1,1,0
"1607",148869747,1,0,0,NA,3,66,1,0,0,0
"1608",148869801,1,1,1,1,1,26,1,1,1,0
"1609",148869981,1,1,0,NA,0,48,0,0,0,0
"1610",148869983,1,0,1,NA,3,75,1,0,0,0
"1611",148869988,0,0,1,1,1,48,0,0,1,0
"1612",148869989,1,1,1,1,1,29,0,1,1,1
"1613",148869993,1,0,0,NA,0,59,1,1,0,1
"1614",148870007,1,1,1,NA,3,62,1,1,0,0
"1615",148870018,0,0,1,NA,0,60,0,1,0,1
"1616",148870092,1,0,0,NA,3,64,0,1,1,0
"1617",148870363,0,0,1,0,1,46,0,1,0,1
"1618",148870377,1,0,1,NA,0,63,1,0,1,0
"1619",148870617,1,0,1,0,1,55,1,1,1,0
"1620",148870709,0,0,0,1,1,48,1,1,1,0
"1621",148870953,0,0,0,NA,3,58,0,0,0,0
"1622",148871298,0,0,0,NA,0,52,0,1,1,1
"1623",148871345,0,0,0,NA,3,71,1,1,1,1
"1624",148871760,0,0,1,1,1,49,0,0,1,1
"1625",148871775,0,0,1,1,1,46,0,0,0,1
"1626",148871781,1,0,1,0,1,31,1,1,0,1
"1627",148871796,0,0,1,1,1,34,0,0,1,1
"1628",148871801,0,1,1,1,1,63,0,1,1,1
"1629",148871828,0,0,0,NA,3,70,1,0,0,0
"1630",148871945,0,1,0,0,1,62,0,1,1,1
"1631",148872814,0,1,0,0,1,52,1,1,1,1
"1632",148873120,1,1,1,0,1,59,0,1,1,0
"1633",148873158,1,1,0,NA,3,60,1,1,0,0
"1634",148873213,1,1,0,NA,3,70,1,1,0,0
"1635",148873453,0,1,1,NA,0,58,1,1,1,1
"1636",148873558,0,0,0,NA,0,56,1,1,0,1
"1637",148873571,0,1,0,NA,3,68,1,0,0,0
"1638",148873572,1,0,1,NA,3,68,1,0,0,1
"1639",148873576,1,0,0,NA,2,23,1,1,1,0
"1640",148873577,0,0,1,NA,3,70,1,0,0,0
"1641",148873583,0,0,0,NA,3,70,1,1,0,1
"1642",148873588,1,1,0,1,1,36,0,0,0,1
"1643",148873693,1,0,0,1,1,61,0,1,0,0
"1644",148873888,0,1,0,0,1,54,0,1,1,1
"1645",148874120,0,0,1,NA,0,58,1,1,0,0
"1646",148874548,0,0,0,0,1,65,0,0,0,1
"1647",148874562,1,1,0,0,1,45,0,1,1,0
"1648",148874617,0,0,1,NA,0,52,0,0,0,0
"1649",148874618,1,0,1,0,1,29,0,1,0,0
"1650",148874647,1,1,0,0,1,64,1,1,0,0
"1651",148875447,0,0,0,1,1,62,0,0,1,1
"1652",148875458,1,0,0,0,1,38,0,1,1,0
"1653",148875476,0,0,0,NA,3,74,0,0,1,1
"1654",148875477,0,0,0,NA,3,75,1,0,0,1
"1655",148875498,1,0,1,0,1,27,1,1,0,1
"1656",148875501,1,1,1,NA,3,62,0,0,0,1
"1657",148875944,0,0,1,0,1,60,1,0,1,0
"1658",148876497,1,1,0,0,1,30,0,1,1,0
"1659",148877257,0,0,1,0,1,40,1,1,0,0
"1660",148877271,1,1,0,0,1,57,1,1,0,1
"1661",148877282,1,0,1,NA,0,58,1,0,0,0
"1662",148877423,0,0,0,1,1,53,0,1,1,1
"1663",148878125,1,1,1,NA,0,29,0,1,0,0
"1664",148878510,0,1,0,NA,0,55,1,0,0,1
"1665",148878977,0,0,1,1,1,60,0,0,0,1
"1666",148879119,1,1,0,0,1,57,0,1,0,1
"1667",148879239,0,1,0,NA,2,67,0,0,0,1
"1668",148880385,1,0,1,NA,3,64,1,1,0,0
"1669",148880754,1,0,0,NA,3,61,1,0,0,0
"1670",148880894,0,1,0,NA,1,53,0,0,0,1
"1671",148881327,1,1,1,NA,0,58,1,0,0,0
"1672",148881461,0,0,1,NA,0,42,1,1,0,0
"1673",148881668,1,0,1,1,1,51,0,1,1,1
"1674",148881989,0,0,1,NA,2,47,0,0,0,0
"1675",148882092,0,0,0,NA,0,28,1,1,0,0
"1676",148882108,0,1,1,0,1,52,1,1,1,0
"1677",148882374,1,0,0,NA,0,26,1,0,0,0
"1678",148883092,1,1,0,0,1,50,1,1,0,0
"1679",148884176,0,0,0,1,1,55,0,0,0,1
"1680",148884237,0,0,1,NA,0,52,1,1,0,0
"1681",148884239,0,0,0,NA,2,59,0,1,0,1
"1682",148885058,0,0,1,NA,2,36,1,0,1,0
"1683",148885891,1,0,0,NA,0,54,0,0,0,1
"1684",148885923,1,0,0,1,1,48,1,1,0,0
"1685",148885957,0,0,1,1,1,40,0,0,0,1
"1686",148885961,1,1,1,NA,0,56,1,0,0,0
"1687",148885967,1,1,1,NA,0,21,1,1,1,0
"1688",148885975,1,0,0,NA,0,56,1,0,0,0
"1689",148885980,1,0,1,NA,3,60,1,0,1,1
"1690",148887617,0,0,1,NA,3,67,1,0,0,1
"1691",148887898,1,0,0,0,1,60,0,1,1,1
"1692",148888496,0,0,0,NA,3,73,1,0,0,0
"1693",148888598,0,1,0,1,1,64,1,1,1,1
"1694",148889061,1,0,1,NA,0,29,1,1,0,0
"1695",148889476,0,0,1,1,1,45,0,0,0,1
"1696",148889477,1,0,0,NA,0,57,1,1,1,1
"1697",148889482,0,0,0,NA,3,69,0,0,1,1
"1698",148889483,1,0,1,NA,0,27,1,1,0,1
"1699",148889748,0,0,0,1,1,53,0,0,0,1
"1700",148890374,0,1,1,NA,3,73,1,1,0,1
"1701",148890405,1,0,1,NA,3,82,1,1,0,0
"1702",148890791,1,1,0,NA,0,59,1,1,1,0
"1703",148891090,0,1,1,NA,2,27,1,1,0,1
"1704",148891115,1,0,1,NA,2,24,0,1,1,1
"1705",148891167,1,1,1,1,1,42,1,0,1,1
"1706",148891647,1,1,1,1,1,60,1,1,1,0
"1707",148892321,1,1,1,0,1,41,0,1,1,0
"1708",148892865,1,0,1,NA,2,54,0,0,0,1
"1709",148892880,1,1,1,NA,0,22,0,1,1,0
"1710",148892890,1,0,0,NA,3,59,0,0,0,0
"1711",148892910,1,1,0,NA,3,68,0,0,0,0
"1712",148892914,0,0,0,1,1,55,0,0,1,1
"1713",148892952,0,0,1,1,1,60,0,1,0,1
"1714",148893183,1,1,1,NA,3,85,0,0,0,1
"1715",148893412,0,0,1,NA,0,46,1,1,1,0
"1716",148894457,1,1,0,NA,2,58,0,0,0,0
"1717",148894587,1,1,0,NA,3,59,0,1,1,0
"1718",148895056,1,1,1,1,1,54,1,1,1,0
"1719",148895255,1,0,1,NA,0,22,1,1,0,0
"1720",148895950,1,0,0,0,1,54,1,1,1,1
"1721",148896271,1,1,1,NA,2,22,1,1,0,1
"1722",148896289,1,0,1,NA,0,26,1,1,0,0
"1723",148896344,0,0,0,NA,0,23,1,1,0,0
"1724",148896364,0,0,0,NA,3,67,0,0,1,1
"1725",148896365,0,0,1,1,1,55,0,0,0,0
"1726",148896375,0,1,1,NA,2,51,0,0,0,1
"1727",148896960,1,0,1,NA,3,83,1,0,0,1
"1728",148897979,0,0,1,NA,2,29,0,1,0,0
"1729",148898106,0,1,0,1,1,61,0,0,0,0
"1730",148898147,0,1,1,NA,2,29,0,1,0,0
"1731",148898981,1,0,1,NA,2,59,1,0,0,1
"1732",148899725,0,1,1,NA,3,61,0,0,1,1
"1733",148899753,1,0,1,NA,2,25,0,1,0,0
"1734",148899771,1,0,1,NA,0,60,0,0,0,0
"1735",148899779,1,1,1,NA,0,31,0,0,1,0
"1736",148899781,0,0,0,NA,3,80,1,0,0,1
"1737",148899791,1,0,0,NA,0,77,1,0,0,0
"1738",148900079,0,1,0,0,1,40,0,1,0,1
"1739",148900319,0,0,0,NA,3,68,1,0,0,1
"1740",148901402,0,0,0,1,1,28,0,1,0,0
"1741",148902157,0,0,0,NA,0,51,1,0,1,0
"1742",148902253,1,1,1,NA,2,28,0,1,0,1
"1743",148902319,1,0,0,0,1,57,0,1,1,0
"1744",148902899,1,0,0,0,1,24,1,1,1,0
"1745",148902985,1,0,1,NA,0,59,0,0,0,0
"1746",148903007,1,0,0,1,1,52,0,0,0,0
"1747",148903008,0,1,0,0,1,62,0,1,1,1
"1748",148903011,0,0,1,NA,3,62,1,0,0,1
"1749",148903019,0,0,0,NA,2,51,0,0,1,0
"1750",148903161,0,0,0,0,1,58,0,1,0,1
"1751",148903173,0,0,0,NA,3,71,0,0,0,1
"1752",148903457,0,1,0,NA,0,39,1,1,0,0
"1753",148903732,0,0,0,0,1,57,1,1,0,1
"1754",148904568,0,0,1,NA,3,47,0,0,0,0
"1755",148904578,1,0,0,NA,0,29,1,1,0,0
"1756",148904692,1,0,0,0,1,38,0,1,1,1
"1757",148905156,0,0,0,0,1,64,1,0,0,1
"1758",148905514,0,0,0,NA,2,60,1,1,0,0
"1759",148905751,0,0,0,NA,0,28,1,1,0,0
"1760",148905786,1,1,0,NA,3,66,1,1,1,0
"1761",148906152,0,0,0,0,1,22,0,1,0,0
"1762",148906166,0,0,0,0,1,56,0,0,1,0
"1763",148906192,1,0,1,NA,1,41,0,1,0,0
"1764",148906208,0,0,1,NA,0,56,0,1,0,1
"1765",148906224,0,0,1,0,1,60,0,1,1,0
"1766",148906227,0,0,0,NA,3,65,1,1,0,0
"1767",148906235,1,0,1,0,1,25,1,1,0,0
"1768",148906523,1,0,1,0,1,50,0,0,0,0
"1769",148907304,1,0,0,NA,2,39,1,0,0,0
"1770",148907455,0,0,1,0,1,60,1,1,0,0
"1771",148907714,1,0,0,1,1,52,1,1,1,0
"1772",148907722,0,0,0,NA,3,72,1,1,1,0
"1773",148908858,0,0,1,NA,2,50,0,0,0,1
"1774",148908912,1,1,1,NA,0,45,1,1,1,0
"1775",148909305,0,1,1,NA,0,27,1,1,0,0
"1776",148909313,0,0,0,NA,3,67,1,0,0,1
"1777",148909337,0,0,1,0,1,48,1,0,0,0
"1778",148910115,1,1,1,1,1,29,0,0,0,1
"1779",148910120,0,0,0,NA,3,78,1,1,0,0
"1780",148910528,1,0,1,NA,0,54,1,1,0,0
"1781",148910849,1,0,0,NA,0,50,0,0,0,0
"1782",148911346,1,0,0,NA,0,59,1,1,1,1
"1783",148911537,1,0,1,0,1,27,1,1,0,0
"1784",148911609,0,1,1,0,1,32,0,1,0,0
"1785",148911785,1,0,0,0,1,33,0,0,0,0
"1786",148912482,1,0,1,0,1,22,1,1,0,0
"1787",148912492,1,0,1,NA,3,71,0,0,0,0
"1788",148912493,0,1,0,NA,1,66,1,0,0,1
"1789",148913337,1,0,1,1,1,51,0,1,1,0
"1790",148913610,1,0,1,NA,0,20,0,1,1,0
"1791",148913635,0,0,1,0,1,56,1,0,0,1
"1792",148916363,0,0,1,0,1,22,1,1,0,0
"1793",148916580,1,1,0,1,1,56,0,1,0,0
"1794",148917018,1,0,1,NA,0,30,1,1,1,0
"1795",148917934,0,0,0,NA,0,57,1,0,0,1
"1796",148918009,1,1,0,NA,3,77,1,0,0,0
"1797",148918220,0,0,0,0,1,40,1,0,0,0
"1798",148918478,1,1,1,NA,0,26,1,1,1,0
"1799",148920113,0,0,1,NA,0,48,1,0,0,1
"1800",148920768,0,0,1,NA,2,44,0,0,0,0
"1801",148920792,1,0,0,NA,3,78,1,0,0,0
"1802",148920804,0,0,0,NA,2,34,0,0,0,1
"1803",148920829,1,0,1,NA,0,62,0,0,0,1
"1804",148920838,1,0,1,NA,3,71,1,0,0,0
"1805",148921340,0,0,0,1,1,44,1,1,0,0
"1806",148922000,1,0,1,NA,0,50,0,1,1,0
"1807",148922304,1,1,1,NA,0,64,0,0,0,0
"1808",148922364,1,0,0,NA,3,71,0,0,0,0
"1809",148922868,1,0,1,NA,2,25,1,1,0,0
"1810",148923468,0,0,1,0,1,29,0,1,1,1
"1811",148923918,1,1,1,NA,2,27,1,1,0,1
"1812",148923935,1,1,1,NA,3,64,0,0,0,1
"1813",148923975,1,1,0,NA,3,76,0,0,0,1
"1814",148923993,1,1,0,NA,3,80,0,0,0,1
"1815",148924002,0,0,0,NA,0,64,1,0,0,0
"1816",148924587,1,0,1,1,1,24,1,1,0,0
"1817",148924727,1,0,1,NA,2,24,0,0,1,0
"1818",148925631,1,0,1,1,1,30,1,0,0,0
"1819",148925657,1,0,0,NA,0,19,1,1,1,0
"1820",148925662,1,0,1,NA,0,74,0,0,0,0
"1821",148925664,0,1,1,0,1,72,1,0,1,1
"1822",148925674,1,1,1,NA,0,55,0,0,0,0
"1823",148927313,0,0,0,NA,3,74,1,0,0,0
"1824",148927339,1,0,0,NA,3,72,0,0,1,1
"1825",148927394,1,0,1,0,1,33,1,1,1,1
"1826",148927407,0,0,1,1,1,56,0,0,0,1
"1827",148927408,1,1,0,NA,0,68,1,0,0,0
"1828",148927419,1,1,0,1,1,65,0,0,0,0
"1829",148927420,0,0,1,NA,0,29,1,1,0,1
"1830",148928161,0,0,1,NA,3,66,1,0,0,1
"1831",148928202,0,1,0,1,1,45,0,1,1,1
"1832",148929219,1,0,0,NA,3,66,0,0,0,0
"1833",148929301,0,1,0,NA,3,68,1,0,0,0
"1834",148929311,0,0,1,NA,3,70,0,0,1,1
"1835",148929319,0,0,0,NA,0,62,1,0,0,1
"1836",148929320,0,0,1,NA,3,66,1,0,0,0
"1837",148929326,1,0,1,NA,0,19,1,1,1,0
"1838",148929351,1,0,1,0,1,27,0,1,0,0
"1839",148930017,1,0,1,0,1,29,1,1,0,1
"1840",148931039,0,0,0,1,1,28,0,1,1,1
"1841",148931044,0,0,0,NA,3,62,1,1,0,0
"1842",148931108,1,0,0,1,1,42,1,1,0,0
"1843",148931114,0,0,0,NA,0,57,1,0,1,1
"1844",148931168,1,0,0,NA,3,81,0,0,0,0
"1845",148931172,1,0,1,NA,0,51,1,1,1,0
"1846",148931177,0,0,0,NA,2,62,0,0,0,0
"1847",148931180,1,1,1,NA,3,69,0,0,0,1
"1848",148931197,0,0,1,NA,3,75,0,0,1,1
"1849",148931201,0,1,1,0,1,47,1,1,0,1
"1850",148931204,0,0,0,1,1,50,0,0,0,0
"1851",148932050,0,0,0,NA,2,27,1,1,0,1
"1852",148932670,1,0,1,0,1,63,1,1,1,0
"1853",148933424,0,1,0,0,1,56,1,1,0,0
"1854",148933450,1,1,0,NA,3,61,0,1,1,0
"1855",148933457,0,0,0,NA,3,61,1,1,0,1
"1856",148933468,0,0,0,NA,0,63,0,0,0,1
"1857",148933476,0,0,0,0,1,68,1,1,1,0
"1858",148933477,1,1,1,1,1,23,0,1,1,0
"1859",148933484,1,1,0,0,1,56,0,0,1,0
"1860",148933490,0,0,1,0,1,54,1,0,0,1
"1861",148933494,1,0,1,NA,0,46,0,1,0,0
"1862",148933504,0,1,1,NA,3,65,1,0,1,0
"1863",148933518,1,0,0,NA,0,35,1,0,0,0
"1864",148933522,0,1,1,NA,3,67,0,0,1,1
"1865",148933525,1,1,1,NA,3,72,1,0,0,0
"1866",148933552,1,1,1,NA,3,71,0,0,0,0
"1867",148933555,1,0,1,0,1,41,0,1,1,0
"1868",148933559,0,0,0,0,1,62,1,1,1,0
"1869",148933567,0,1,0,0,1,49,1,1,0,0
"1870",148933577,1,1,0,NA,3,78,1,0,0,0
"1871",148933578,0,1,1,NA,0,47,1,0,0,0
"1872",148934004,1,0,1,NA,0,55,1,1,1,0
"1873",148934349,1,0,0,NA,0,57,0,0,1,0
"1874",148934676,0,0,0,0,1,55,0,1,1,1
"1875",148935291,1,0,0,0,1,46,1,1,0,1
"1876",148935311,1,0,1,NA,3,63,0,0,0,0
"1877",148935462,0,0,0,1,1,27,1,1,1,0
"1878",148935467,1,1,1,NA,0,69,0,0,0,0
"1879",148935492,1,0,1,NA,3,69,1,1,0,0
"1880",148935499,0,0,1,0,1,62,1,0,0,1
"1881",148935502,1,0,1,0,1,59,1,1,1,0
"1882",148935530,0,1,0,NA,3,73,1,0,0,1
"1883",148935532,0,0,0,NA,3,78,1,0,0,0
"1884",148935535,0,0,1,NA,2,40,0,1,1,1
"1885",148935539,0,1,1,NA,0,53,1,1,0,1
"1886",148935540,0,0,1,1,1,48,0,1,0,1
"1887",148935551,0,0,1,NA,3,65,0,0,0,1
"1888",148935553,1,1,1,NA,0,73,1,1,1,0
"1889",148935584,0,0,0,0,1,37,1,1,1,1
"1890",148935593,1,0,1,NA,3,65,1,0,0,1
"1891",148935596,1,1,0,NA,0,52,1,0,0,0
"1892",148935604,1,0,1,0,1,34,1,1,1,0
"1893",148936121,0,1,0,NA,3,71,1,0,0,0
"1894",148936326,0,1,0,NA,0,52,1,1,1,1
"1895",148937509,1,0,0,NA,3,74,1,0,0,0
"1896",148937519,0,1,0,NA,0,38,0,0,0,1
"1897",148937525,0,1,0,NA,3,63,0,0,0,1
"1898",148937527,0,0,1,1,1,33,0,0,0,1
"1899",148937530,1,1,1,NA,3,65,1,0,0,0
"1900",148937537,0,0,0,1,1,55,1,1,0,0
"1901",148937548,0,1,0,NA,0,51,0,0,0,0
"1902",148937577,0,1,1,NA,3,87,1,0,0,1
"1903",148937578,0,0,1,NA,0,58,0,1,1,1
"1904",148937647,0,1,1,1,1,66,1,0,0,0
"1905",148937656,1,1,0,0,1,59,0,1,1,0
"1906",148938128,0,1,0,NA,0,63,1,0,0,1
"1907",148938135,1,0,1,0,1,56,1,1,1,0
"1908",148939572,0,1,1,1,1,51,0,0,0,1
"1909",148939613,0,0,1,NA,2,62,1,1,1,1
"1910",148939614,1,0,0,NA,0,40,1,0,0,0
"1911",148939633,1,1,1,NA,3,63,1,1,1,0
"1912",148939659,0,0,1,NA,3,69,0,0,0,0
"1913",148939669,0,0,0,NA,1,21,1,1,0,1
"1914",148939697,1,0,0,NA,3,65,1,0,0,1
"1915",148940316,1,0,0,1,1,53,0,1,1,1
"1916",148940340,1,0,1,1,1,46,1,1,0,0
"1917",148940663,1,0,0,0,1,29,0,1,0,0
"1918",148941477,0,0,0,0,1,44,1,0,0,0
"1919",148941480,0,0,0,NA,0,60,0,0,0,0
"1920",148941556,0,0,0,NA,0,51,1,0,1,0
"1921",148941579,1,0,0,NA,0,56,1,0,0,0
"1922",148941582,0,0,1,1,1,55,1,1,0,1
"1923",148941594,1,0,1,1,1,42,0,1,1,1
"1924",148941598,0,0,0,NA,2,62,1,1,1,1
"1925",148941606,0,0,0,NA,0,81,0,0,0,0
"1926",148941609,1,0,0,0,1,66,1,1,0,0
"1927",148941610,0,0,1,NA,3,77,1,0,1,1
"1928",148941646,1,1,1,NA,0,59,0,1,1,0
"1929",148941657,1,1,0,NA,0,51,1,1,0,0
"1930",148941685,1,1,1,NA,0,58,1,0,0,1
"1931",148941689,1,0,0,1,1,49,0,0,0,1
"1932",148942367,1,1,0,1,1,40,0,1,1,0
"1933",148943596,1,1,1,NA,0,37,1,1,0,0
"1934",148943629,1,0,0,NA,0,50,1,1,0,1
"1935",148943640,0,0,1,NA,2,77,0,0,0,1
"1936",148943682,0,0,0,0,1,52,1,1,1,0
"1937",148943687,1,1,0,NA,3,77,0,0,1,0
"1938",148943696,1,0,0,NA,3,64,0,0,0,0
"1939",148943710,0,0,0,1,1,54,1,0,1,0
"1940",148943719,1,0,0,0,1,44,0,0,0,0
"1941",148944450,1,1,0,NA,3,61,0,0,0,1
"1942",148944486,0,0,0,1,1,52,0,1,1,0
"1943",148944518,1,1,1,1,1,44,1,1,1,1
"1944",148944537,0,1,0,NA,0,79,1,0,1,1
"1945",148945505,1,0,1,NA,0,64,0,0,0,0
"1946",148945517,0,0,1,NA,0,29,0,1,1,1
"1947",148945647,0,1,1,NA,0,54,1,0,0,0
"1948",148945664,1,0,0,0,1,73,1,1,1,0
"1949",148945748,1,0,0,1,1,55,1,0,0,0
"1950",148947498,0,0,0,0,1,29,1,1,0,0
"1951",148947661,0,1,1,NA,0,55,1,0,0,1
"1952",148947691,0,0,0,NA,0,61,1,0,0,0
"1953",148948303,1,0,0,NA,0,45,1,1,1,0
"1954",148948556,1,0,1,NA,3,62,0,1,1,0
"1955",148949689,0,0,0,0,1,42,1,0,0,0
"1956",148949737,0,0,1,1,1,23,0,1,0,1
"1957",148949759,1,1,1,NA,3,64,1,1,0,1
"1958",148949762,1,0,1,NA,3,64,0,0,0,0
"1959",148951648,0,0,1,NA,3,60,0,0,0,0
"1960",148951667,0,0,1,NA,0,24,1,0,0,1
"1961",148951705,1,0,1,NA,0,62,1,0,0,0
"1962",148952380,0,0,0,1,1,55,1,0,1,1
"1963",148952495,1,0,1,0,1,39,0,1,1,0
"1964",148952521,1,0,1,1,1,69,1,1,1,0
"1965",148952544,1,1,0,NA,2,57,1,1,0,0
"1966",148952574,0,0,1,0,1,58,0,1,1,0
"1967",148952654,1,0,0,1,1,49,0,1,1,0
"1968",148952674,0,0,1,1,1,54,0,0,1,1
"1969",148953788,1,0,1,0,1,21,1,1,1,1
"1970",148953864,1,1,1,NA,2,22,0,0,0,0
"1971",148954102,0,0,1,1,1,41,0,0,1,1
"1972",148954996,1,1,1,NA,0,29,1,0,0,1
"1973",148956665,0,0,0,NA,0,51,0,0,0,0
"1974",148956687,1,0,1,NA,0,23,1,1,1,1
"1975",148956703,0,0,0,NA,3,74,0,0,0,0
"1976",148956719,1,1,0,0,1,65,1,1,1,0
"1977",148956737,1,1,0,NA,0,27,1,1,0,0
"1978",148956745,0,0,0,1,1,49,0,1,1,1
"1979",148957983,1,0,0,0,1,44,0,1,1,0
"1980",148958696,1,1,1,NA,2,37,1,1,0,0
"1981",148959873,0,0,0,NA,0,29,1,0,0,0
"1982",148960346,1,0,0,0,1,52,1,1,1,0
"1983",148960731,1,0,0,NA,3,80,0,1,0,0
"1984",148961867,1,0,1,0,1,19,0,1,0,0
"1985",148961894,1,0,1,0,1,43,1,0,0,1
"1986",148961938,0,0,0,NA,2,57,0,0,0,0
"1987",148961948,1,0,1,NA,3,58,0,0,1,0
"1988",148963890,0,0,0,NA,2,29,1,1,0,0
"1989",148965957,0,0,1,NA,0,63,0,0,0,0
"1990",148965999,1,0,0,NA,0,61,1,0,0,0
"1991",148966005,1,0,0,0,1,23,0,1,0,0
"1992",148968865,0,1,1,NA,0,49,0,1,1,0
"1993",148969873,1,0,0,NA,2,22,0,1,0,0
"1994",148969986,1,1,0,0,1,38,0,0,0,0
"1995",148969987,1,0,0,NA,2,21,1,1,1,0
"1996",148971290,1,0,0,NA,0,25,1,1,0,0
"1997",148972145,0,1,0,NA,3,70,0,0,0,1
"1998",148972779,1,1,0,NA,0,61,1,0,0,0
"1999",148973845,1,1,1,0,1,28,0,1,0,0
"2000",148975754,1,0,1,NA,0,20,1,1,1,0
"2001",148976627,1,1,1,0,1,54,1,1,1,1
"2002",148976637,0,0,0,NA,3,74,1,0,0,0
"2003",148977643,1,1,1,NA,1,26,1,1,1,0
"2004",148977875,1,0,1,0,1,53,0,1,0,1
"2005",148978029,0,1,0,NA,0,49,0,0,1,1
"2006",148979625,0,1,1,0,1,28,1,1,0,1
"2007",148979629,1,0,1,NA,0,28,1,1,0,1
"2008",148979645,0,0,0,0,1,43,1,0,0,1
"2009",148980481,1,1,0,NA,1,56,1,1,1,0
"2010",148981568,1,0,0,NA,3,52,0,1,0,0
"2011",148982386,0,0,0,1,1,46,0,1,1,0
"2012",148984152,1,0,1,NA,0,44,0,1,1,0
"2013",148984372,1,1,0,NA,3,63,1,0,0,1
"2014",148985319,1,1,1,NA,0,22,0,1,1,1
"2015",148985339,1,0,1,NA,0,58,0,1,0,0
"2016",148985788,0,0,0,NA,3,63,0,1,1,1
"2017",148985818,0,0,0,NA,3,66,0,0,1,0
"2018",148986716,1,0,1,NA,0,31,1,0,0,0
"2019",148987030,1,0,1,0,1,32,1,1,0,0
"2020",148987212,1,0,0,NA,0,60,1,1,0,0
"2021",148987449,1,0,1,NA,0,30,0,1,1,0
"2022",148987524,0,0,1,NA,3,65,0,1,1,1
"2023",148987571,0,0,0,NA,3,54,0,1,0,1
"2024",148987593,1,0,0,NA,0,51,0,1,1,1
"2025",148987725,1,1,1,NA,0,23,1,1,1,0
"2026",148987997,0,0,0,1,1,56,0,0,1,1
"2027",148988099,1,1,0,NA,3,80,1,1,0,1
"2028",148989456,0,0,0,NA,3,62,1,1,1,0
"2029",148989503,1,0,0,NA,0,58,1,0,1,1
"2030",148989718,1,0,1,0,1,47,1,0,0,0
"2031",148989828,1,0,0,0,1,58,0,0,0,0
"2032",148989842,1,0,0,1,1,59,1,0,0,0
"2033",148990014,0,0,0,NA,2,70,1,0,0,0
"2034",148990016,1,0,1,0,1,63,1,1,1,0
"2035",148990094,0,0,0,NA,3,62,0,1,1,1
"2036",148990124,1,0,0,0,1,56,0,1,1,0
"2037",148990150,1,0,0,0,1,51,0,1,1,0
"2038",148990483,0,0,1,1,1,66,0,1,1,1
"2039",148990495,0,0,1,0,1,56,0,1,1,1
"2040",148990536,1,0,0,1,1,55,1,1,0,0
"2041",148990626,1,1,0,NA,0,56,1,0,0,0
"2042",148990667,1,0,1,0,1,37,1,1,0,0
"2043",148990819,1,0,1,NA,2,27,1,1,1,0
"2044",148990820,1,1,1,0,1,23,0,1,1,0
"2045",148990822,1,0,1,0,1,28,0,0,1,0
"2046",148991146,1,0,1,1,1,58,0,1,1,0
"2047",148991957,0,1,0,NA,3,75,0,0,0,1
"2048",148991983,1,0,1,NA,0,44,1,1,0,0
"2049",148992166,1,0,1,NA,0,52,1,0,0,0
"2050",148992191,0,0,1,1,1,48,0,1,1,1
"2051",148992249,0,0,1,NA,0,64,0,1,0,1
"2052",148992343,0,0,0,0,1,55,1,1,1,1
"2053",148992355,1,1,0,0,1,50,1,1,1,1
"2054",148992392,1,1,0,0,1,56,0,1,1,0
"2055",148992570,1,1,1,0,1,67,1,1,0,0
"2056",148992592,1,0,0,1,1,41,0,1,1,1
"2057",148992732,0,0,0,NA,3,69,0,1,1,1
"2058",148992891,1,0,0,0,1,27,1,1,0,0
"2059",148993071,0,0,1,1,1,43,0,0,1,1
"2060",148993199,1,0,1,NA,0,52,1,1,1,1
"2061",148993381,0,0,1,NA,0,20,1,0,0,0
"2062",148993674,0,1,1,1,1,35,1,1,1,1
"2063",148994510,1,1,1,0,1,28,1,1,1,0
"2064",148994541,1,1,1,0,1,22,1,1,1,1
"2065",148994681,1,0,1,0,1,48,1,1,0,0
"2066",148995161,1,1,0,0,1,50,0,1,1,0
"2067",148995232,1,1,1,0,1,60,1,1,1,0
"2068",148995289,1,0,0,NA,3,63,1,1,1,0
"2069",148995426,1,0,1,0,1,55,1,1,0,0
"2070",148995508,1,0,0,NA,0,49,0,1,0,0
"2071",148995520,1,0,0,1,1,56,0,1,1,0
"2072",148995552,1,0,0,1,1,43,1,0,1,0
"2073",148995699,1,0,1,0,1,20,1,1,1,0
"2074",148995709,0,0,1,NA,0,20,0,1,0,1
"2075",148995712,1,1,0,0,1,70,1,1,0,0
"2076",148996035,1,0,0,NA,0,31,1,0,0,1
"2077",148996931,1,0,1,1,1,49,0,0,0,0
"2078",148997064,1,0,1,NA,2,56,1,1,1,0
"2079",148997111,0,0,1,NA,0,50,1,0,0,0
"2080",148997198,0,0,1,0,1,36,0,1,1,1
"2081",148997795,0,1,0,NA,3,66,1,0,0,0
"2082",148998124,1,0,1,NA,3,64,0,1,1,0
"2083",148998132,1,1,1,NA,0,22,0,1,1,0
"2084",148998151,0,0,1,0,1,28,0,1,1,0
"2085",148998181,1,1,0,0,1,62,0,1,1,1
"2086",148999070,0,0,0,NA,3,61,1,0,0,0
"2087",148999363,1,0,1,0,1,56,1,1,0,1
"2088",148999816,0,0,1,0,1,54,1,0,0,1
"2089",149001245,0,1,0,NA,1,56,0,0,0,1
"2090",149001359,1,0,0,1,1,50,1,1,1,1
"2091",149001584,0,0,0,NA,1,46,0,0,1,1
"2092",149002045,1,1,1,NA,0,58,1,0,1,0
"2093",149003359,0,1,0,NA,3,67,1,0,0,0
"2094",149003363,0,0,0,NA,2,46,0,0,0,1
"2095",149003373,1,1,1,0,1,52,1,1,1,0
"2096",149003380,1,0,1,NA,0,20,0,0,1,1
"2097",149003385,0,0,1,0,1,23,1,1,0,0
"2098",149004829,0,0,0,1,1,51,0,0,0,0
"2099",149005054,1,0,0,NA,3,71,0,0,0,0
"2100",149006427,1,1,0,NA,0,56,0,0,1,0
"2101",149006763,1,1,1,0,1,29,1,1,0,0
"2102",149006791,1,1,0,NA,0,28,0,1,0,0
"2103",149008886,0,0,0,NA,3,69,0,0,1,1
"2104",149010069,0,0,0,NA,3,74,1,0,0,1
"2105",149010466,0,1,1,NA,2,53,0,0,0,1
"2106",149011356,1,0,1,NA,0,21,1,0,0,0
"2107",149015985,0,0,0,NA,0,49,1,0,0,1
"2108",149017390,0,0,1,NA,0,49,0,0,0,0
"2109",149017451,1,0,0,NA,3,68,0,0,1,0
"2110",149017497,0,1,0,NA,1,54,0,0,0,1
"2111",149018985,0,0,0,0,1,57,1,0,1,0
"2112",149020387,1,1,0,NA,3,41,0,0,0,1
"2113",149022373,1,0,1,NA,2,25,1,1,0,0
"2114",149022378,0,0,1,0,1,26,1,1,0,1
"2115",149022403,0,0,1,NA,0,34,1,0,0,0
"2116",149022476,0,1,0,NA,3,66,1,1,0,0
"2117",149025337,1,1,0,1,1,62,1,1,1,0
"2118",149025709,1,0,1,NA,0,27,0,1,0,0
"2119",149026190,1,0,1,NA,3,57,0,0,0,0
"2120",149028302,0,1,0,1,1,52,1,0,1,1
"2121",149029274,1,0,1,NA,2,27,1,0,0,0
"2122",149031871,0,0,1,NA,3,70,0,0,0,1
"2123",149035678,0,1,1,0,1,27,0,1,0,1
"2124",149036756,1,0,0,0,1,48,1,0,0,0
"2125",149039279,0,0,0,0,1,56,0,0,1,1
"2126",149039300,0,0,1,NA,2,29,1,0,0,0
"2127",149039307,0,1,1,0,1,22,1,0,0,0
"2128",149039903,0,0,1,NA,0,20,1,1,1,0
"2129",149041178,1,1,0,0,1,42,0,0,0,0
"2130",149043076,1,0,0,NA,0,58,1,0,0,0
"2131",149043159,1,1,0,NA,3,63,0,1,0,0
"2132",149044767,0,0,1,0,1,19,1,1,0,0
"2133",149044771,0,1,1,0,1,20,1,1,1,1
"2134",149044784,0,0,0,NA,0,47,1,0,0,1
"2135",149046489,0,0,0,NA,3,65,1,0,1,1
"2136",149049705,0,0,1,1,1,63,1,0,0,0
"2137",149051326,0,0,0,0,1,29,1,1,0,0
"2138",149051338,0,0,1,NA,0,20,1,0,0,0
"2139",149051366,0,1,1,NA,3,65,1,0,0,0
"2140",149051371,1,1,1,NA,2,23,0,1,0,0
"2141",149054314,1,0,1,NA,0,19,1,1,0,0
"2142",149055336,1,0,1,NA,0,58,1,0,0,1
"2143",149057434,1,1,1,NA,0,22,0,1,0,0
"2144",149058068,0,0,1,NA,0,37,1,0,0,1
"2145",149058157,1,0,1,NA,0,22,1,1,1,0
"2146",149058783,1,0,0,0,1,27,0,1,0,0
"2147",149058819,1,0,1,0,1,21,1,1,1,0
"2148",149063920,1,0,0,NA,2,27,1,1,0,0
"2149",149064502,0,1,1,1,1,25,1,1,0,0
"2150",149065860,0,0,0,NA,0,22,1,0,0,0
"2151",149066662,1,1,1,0,1,33,0,1,0,0
"2152",149067792,1,1,0,0,1,28,1,1,0,0
"2153",149068128,1,1,1,NA,0,25,1,0,0,0
"2154",149068691,0,0,0,0,1,51,1,0,0,0
"2155",149070081,1,1,0,NA,1,28,0,1,1,0
"2156",149070082,0,0,1,NA,2,27,1,1,0,0
"2157",149070091,0,1,0,NA,0,37,0,0,1,0
"2158",149070494,0,0,0,1,1,24,1,1,1,1
"2159",149070678,1,1,1,0,1,28,1,1,0,0
"2160",149072248,1,0,0,1,1,28,0,1,1,0
"2161",149072300,1,0,1,NA,0,20,0,1,1,0
"2162",149072754,0,0,0,NA,3,53,0,0,1,0
"2163",149073156,1,1,1,0,1,27,1,0,0,0
"2164",149073878,1,0,1,NA,2,22,0,1,1,0
"2165",149074548,1,0,1,NA,0,26,0,1,0,0
"2166",149078688,1,1,1,NA,0,50,0,0,0,0
"2167",149079648,1,0,0,NA,3,77,0,0,0,1
"2168",149079699,1,0,1,0,1,23,1,1,1,0
"2169",149082281,1,0,1,0,1,26,0,1,1,0
"2170",149082496,1,1,0,1,1,23,1,0,0,0
"2171",149083711,0,0,0,NA,2,38,0,0,0,1
"2172",149083717,1,0,0,NA,2,29,0,0,0,1
"2173",149084965,0,0,1,NA,0,36,1,0,0,1
"2174",149086136,0,0,1,1,1,29,0,0,1,0
"2175",149087140,1,1,1,0,1,26,0,1,0,0
"2176",149089792,0,0,0,NA,3,66,0,0,0,1
"2177",149089809,1,0,1,1,1,40,0,0,1,1
"2178",149089921,0,0,1,1,1,22,0,1,1,1
"2179",149091126,0,0,1,0,1,22,1,0,0,1
"2180",149093911,0,0,0,1,1,22,0,1,1,1
"2181",149095403,0,0,1,NA,0,24,0,1,0,0
"2182",149095410,1,1,1,NA,0,23,0,1,1,0
"2183",149096168,1,0,1,0,1,25,0,1,1,0
"2184",149096558,0,0,1,0,1,21,1,1,1,1
"2185",149096852,0,1,1,NA,3,76,1,0,0,1
"2186",149099163,1,0,1,0,1,22,1,1,0,0
"2187",149099839,0,0,1,NA,2,28,1,1,0,0
"2188",149100685,0,0,1,0,1,27,0,1,0,0
"2189",149101670,1,0,0,NA,0,55,0,1,0,0
"2190",149103455,1,1,1,0,1,47,0,0,1,0
"2191",149104256,1,1,0,NA,3,61,0,0,1,0
"2192",149104466,0,0,1,0,1,28,0,1,1,1
"2193",149105022,0,0,0,0,1,50,0,0,0,0
"2194",149105347,1,0,1,NA,3,58,0,0,0,0
"2195",149105726,0,0,1,NA,0,26,1,0,0,1
"2196",149106422,1,1,1,NA,0,22,0,1,1,0
"2197",149106546,1,1,1,NA,0,22,0,1,1,0
"2198",149107703,1,1,1,1,1,27,1,0,0,0
"2199",149109984,0,1,0,NA,3,69,1,1,0,0
"2200",149110996,0,1,1,1,1,48,0,1,1,1
"2201",149111077,1,1,0,1,1,62,0,0,0,0
"2202",149113841,1,0,1,NA,2,66,1,1,0,0
"2203",149114277,1,0,1,0,1,67,1,0,0,1
"2204",149114311,0,0,0,0,1,27,1,1,1,1
"2205",149115260,0,1,0,NA,1,19,0,1,1,1
"2206",149119028,1,0,0,0,1,44,0,0,0,0
"2207",149121753,1,0,0,1,1,52,0,1,1,0
"2208",149125522,0,0,1,0,1,27,0,1,0,0
"2209",149126557,0,0,0,0,1,25,1,1,0,0
"2210",149128514,1,1,1,NA,2,29,1,0,0,1
"2211",149129349,0,0,1,0,1,28,1,1,1,1
"2212",149130029,1,0,1,NA,0,26,1,0,0,0
"2213",149131010,1,0,0,NA,0,41,0,0,1,0
"2214",149131098,0,0,0,0,1,21,0,1,0,0
"2215",149133497,1,0,1,NA,0,22,0,1,1,0
"2216",149135951,0,0,0,NA,0,26,1,1,0,1
"2217",149136020,0,1,1,NA,0,20,1,1,0,0
"2218",149138321,1,1,0,NA,0,21,0,1,1,0
"2219",149139247,1,0,0,0,1,32,1,0,0,0
"2220",149140501,1,0,0,NA,0,39,0,0,0,1
"2221",149140546,0,0,0,NA,2,27,1,0,0,1
"2222",149141778,0,0,0,NA,2,26,0,1,0,1
"2223",149141784,1,0,1,NA,3,66,0,0,0,1
"2224",149141785,1,1,0,NA,2,43,0,0,0,1
"2225",149142757,0,1,1,NA,0,21,0,1,1,1
"2226",149142898,1,1,0,0,1,44,0,0,0,0
"2227",149143327,1,1,1,NA,3,67,1,0,0,1
"2228",149143895,1,0,1,NA,0,28,0,0,0,0
"2229",149145151,0,0,1,NA,0,60,0,0,0,1
"2230",149145164,0,0,0,NA,0,48,1,1,1,1
"2231",149145229,0,0,0,1,1,29,0,1,0,1
"2232",149149741,1,1,0,0,1,23,0,1,1,1
"2233",149150425,0,0,1,0,1,37,1,0,0,1
"2234",149150865,1,0,1,NA,2,29,1,0,0,0
"2235",149152004,0,0,1,1,1,47,0,0,1,1
"2236",149154466,1,0,1,NA,0,54,1,0,0,0
"2237",149154467,1,0,1,0,1,23,0,1,0,0
"2238",149155512,0,1,0,NA,1,22,1,0,0,1
"2239",149156732,0,1,0,NA,3,59,0,0,0,0
"2240",149157916,1,0,1,NA,2,19,0,0,1,1
"2241",149159165,0,0,1,NA,3,73,0,0,0,1
"2242",149161437,0,1,1,NA,0,19,0,1,1,1
"2243",149164898,1,0,1,NA,0,20,0,1,0,0
"2244",149164941,0,0,0,NA,2,23,1,0,1,1
"2245",149164944,0,0,1,1,1,37,0,0,0,1
"2246",149164959,0,0,0,NA,0,48,0,0,0,0
"2247",149165940,1,1,1,NA,2,19,1,0,0,1
"2248",149165972,0,1,1,NA,2,23,0,1,1,0
"2249",149166004,1,0,1,1,1,28,0,1,1,1
"2250",149166544,0,0,1,NA,0,23,1,1,0,0
"2251",149172961,0,0,0,0,1,61,0,1,0,1
"2252",149179740,1,1,1,NA,2,46,1,0,0,0
"2253",149181996,1,0,0,NA,0,45,0,0,0,0
"2254",149181997,1,0,0,NA,1,28,0,1,0,0
"2255",149182050,0,0,1,NA,2,26,1,0,0,0
"2256",149185542,1,0,1,0,1,52,1,1,0,1
"2257",149186640,1,0,0,1,1,21,0,0,0,0
"2258",149194012,1,0,1,NA,0,21,0,1,0,0
"2259",149196616,0,1,1,NA,3,33,0,0,0,1
"2260",149196629,0,0,1,0,1,47,0,0,0,1
"2261",149197896,1,0,1,0,1,64,1,1,1,0
"2262",149197903,1,0,1,1,1,55,0,1,1,0
"2263",149199092,0,0,1,0,1,20,0,1,1,1
"2264",149199523,0,1,0,1,1,62,0,1,0,0
"2265",149206312,0,0,0,NA,0,39,1,0,1,0
"2266",149206882,0,0,1,NA,0,22,0,1,0,1
"2267",149211484,1,0,1,NA,0,52,1,0,0,0
"2268",149216623,0,1,0,NA,1,29,1,0,0,0
"2269",149217429,0,0,0,NA,0,27,0,1,1,0
"2270",149220009,1,0,0,NA,3,62,1,0,0,0
"2271",149221154,0,1,0,NA,0,47,0,0,1,0
"2272",149226655,1,0,1,1,1,23,0,1,1,0
"2273",149232391,0,0,0,1,1,56,0,0,0,1
"2274",149237285,1,0,1,NA,0,50,0,0,1,0
"2275",149241876,0,0,1,1,1,42,0,0,0,0
"2276",149245258,0,0,1,NA,0,27,1,0,0,0
"2277",149247455,1,0,0,NA,3,68,1,0,0,1
"2278",149249784,0,0,1,0,1,53,0,1,1,0
"2279",149252802,1,1,1,NA,0,47,0,1,0,1
"2280",149255627,1,0,1,0,1,27,0,1,1,0
"2281",149257636,0,0,0,NA,0,35,1,0,1,0
"2282",149262850,1,1,1,1,1,56,0,1,1,1
"2283",149265887,0,0,0,NA,1,55,0,0,0,0
"2284",149266869,1,1,1,NA,0,60,1,1,0,0
"2285",149266963,1,1,0,NA,2,59,0,0,0,0
"2286",149270100,0,0,1,1,1,56,0,0,1,1
"2287",149275499,0,0,1,NA,3,69,1,0,1,1
"2288",149276202,1,0,1,NA,0,27,1,0,0,0
"2289",149276446,1,0,1,NA,3,65,1,0,1,1
"2290",149281054,0,0,0,NA,0,57,1,0,0,0
"2291",149285265,1,0,1,1,1,27,0,1,1,0
"2292",149288558,1,1,0,0,1,21,1,1,0,0
"2293",149290415,0,0,0,NA,3,74,0,0,0,1
"2294",149296077,1,0,0,NA,0,50,1,0,0,0
"2295",149299587,0,0,1,NA,2,27,1,0,0,1
"2296",149299830,0,0,0,NA,3,76,0,0,0,1
"2297",149301408,0,1,0,NA,3,63,0,1,1,1
"2298",149301739,1,1,0,1,1,47,0,0,0,1
"2299",149303721,1,0,1,0,1,51,0,0,0,0
"2300",149305225,1,0,1,0,1,55,1,1,1,0
"2301",149305694,0,1,0,NA,1,48,1,0,0,0
"2302",149308941,1,1,0,NA,3,70,0,0,1,0
"2303",149313325,0,1,0,0,1,47,1,1,1,1
"2304",149315788,1,1,0,NA,2,23,1,0,0,0
"2305",149316146,0,0,0,NA,0,28,1,0,0,0
"2306",149325400,1,0,1,0,1,22,0,0,0,0
"2307",149333719,0,0,1,NA,0,24,0,1,1,1
"2308",149334276,1,1,0,NA,3,68,0,0,1,0
"2309",149336260,0,0,0,NA,3,65,0,1,1,1
"2310",149336484,0,0,0,NA,0,60,1,0,0,1
"2311",149338055,1,0,1,1,1,57,1,1,0,0
"2312",149340217,1,1,0,NA,3,68,1,1,1,1
"2313",149340258,1,0,1,NA,0,53,0,1,0,0
"2314",149340613,0,1,1,0,1,53,0,0,1,1
"2315",149346890,1,1,1,0,1,26,1,1,1,0
"2316",149350520,1,0,1,NA,0,19,1,0,1,0
"2317",149352448,0,1,1,NA,0,42,1,0,0,0
"2318",149352460,1,0,1,NA,2,54,1,0,0,1
"2319",149356588,1,0,0,0,1,28,0,1,0,0
"2320",149359053,1,0,0,NA,0,31,1,1,0,0
"2321",149360500,0,0,0,NA,0,66,1,0,0,0
"2322",149361359,1,1,1,NA,3,53,1,0,0,1
"2323",149362809,1,0,1,NA,2,61,1,1,0,0
"2324",149375531,0,0,0,1,1,26,1,1,0,0
"2325",149390954,1,1,0,NA,3,80,0,1,1,0
"2326",149393341,1,1,0,0,1,54,0,1,0,1
"2327",149393612,0,0,1,NA,0,26,1,1,1,1
"2328",149393704,1,0,1,NA,2,25,1,0,0,0
"2329",149401799,0,1,0,NA,0,74,0,1,1,0
"2330",149406789,0,0,0,1,1,44,0,0,1,1
"2331",149415406,0,1,0,1,1,72,0,1,0,1
"2332",149415949,1,1,0,NA,3,67,1,1,1,0
"2333",149418138,1,1,1,NA,3,72,0,0,1,0
"2334",149427203,0,1,0,1,1,60,1,1,0,0
"2335",149433889,1,1,1,NA,0,59,1,1,0,1
"2336",149434267,0,0,0,1,1,43,0,0,1,1
"2337",149440154,0,1,0,0,1,42,0,1,1,0
"2338",149440177,0,0,0,0,1,36,1,1,1,1
"2339",149449187,1,0,1,0,1,27,0,0,0,0
"2340",149449455,1,0,1,NA,0,57,1,1,0,0
"2341",149465675,0,0,1,1,1,40,1,0,0,0
"2342",149474439,1,0,1,NA,0,59,1,1,0,0
"2343",149474669,1,0,0,0,1,32,0,1,1,0
"2344",149477807,1,1,1,0,1,50,1,1,1,0
"2345",149478017,1,0,0,NA,0,71,0,1,1,0
"2346",149483147,1,1,0,NA,0,63,1,1,0,1
"2347",149483335,1,0,1,1,1,62,1,1,0,0
"2348",149489097,1,1,0,NA,0,53,1,0,0,0
"2349",149489100,0,1,0,0,1,31,1,0,0,1
"2350",149497357,1,0,1,1,1,44,0,0,0,0
"2351",149497616,1,1,1,0,1,30,0,1,1,0
"2352",149502902,1,1,1,NA,0,27,1,0,0,0
"2353",149505952,1,1,1,1,1,47,0,0,0,0
"2354",149508912,1,0,1,NA,0,32,0,0,0,1
"2355",149511383,1,1,1,NA,2,22,1,0,1,1
"2356",149521522,1,1,1,NA,0,19,1,1,1,0
"2357",149521896,1,0,0,1,1,45,0,0,0,0
"2358",149524196,0,0,1,NA,0,63,0,0,0,1
"2359",149526663,1,1,1,NA,0,58,0,0,0,0
"2360",149529696,0,0,0,NA,0,66,1,0,0,1
"2361",149538422,1,0,1,NA,2,24,1,1,0,0
"2362",149539046,1,0,1,0,1,52,1,1,0,0
"2363",149541101,0,0,0,NA,1,57,0,1,1,0
"2364",149541182,0,0,1,NA,3,54,1,1,0,1
"2365",149544034,0,1,1,NA,3,91,1,0,0,1
"2366",149544265,0,0,0,NA,3,77,0,1,1,1
"2367",149544368,0,1,1,0,1,48,0,1,0,1
"2368",149547715,1,0,1,NA,0,20,0,0,0,0
"2369",149549685,1,0,1,NA,2,57,1,1,0,0
"2370",149549719,1,0,0,1,1,48,0,0,1,0
"2371",149549763,1,0,1,1,1,41,1,1,1,0
"2372",149549921,0,0,1,NA,2,54,1,0,1,1
"2373",149555626,0,1,0,NA,1,61,0,0,1,1
"2374",149555655,0,0,0,NA,3,73,0,1,1,1
"2375",149558174,0,0,0,1,1,60,0,1,1,0
"2376",149558301,1,0,1,0,1,64,0,1,0,1
"2377",149563687,0,0,1,NA,3,57,1,1,0,1
"2378",149565898,0,0,1,NA,2,56,0,0,0,0
"2379",149568110,0,0,1,0,1,45,1,1,1,1
"2380",149568159,1,1,1,1,1,53,0,0,1,1
"2381",149568212,1,0,1,NA,1,48,0,1,0,0
"2382",149568660,0,0,1,NA,2,25,1,0,0,0
"2383",149570711,1,0,0,0,1,51,0,1,1,0
"2384",149573128,1,0,0,NA,1,61,0,1,1,1
"2385",149577697,0,0,1,0,1,35,1,1,0,0
"2386",149582514,1,0,0,1,1,59,0,1,0,0
"2387",149582913,1,1,1,0,1,49,1,1,1,0
"2388",149584682,1,0,1,NA,1,23,0,1,0,0
"2389",149584916,0,0,0,1,1,42,0,0,0,0
"2390",149591818,1,1,0,NA,0,48,1,1,0,0
"2391",149592322,1,1,0,NA,3,72,1,0,0,0
"2392",149594088,1,0,1,NA,0,45,0,0,1,1
"2393",149594314,0,1,0,1,1,59,0,1,1,1
"2394",149595094,0,0,1,NA,0,50,1,0,0,0
"2395",149597191,0,0,0,1,1,64,0,1,0,0
"2396",149598836,0,0,1,NA,0,25,1,1,0,1
"2397",149600471,1,1,0,0,1,53,0,0,0,0
"2398",149600912,0,0,1,NA,3,47,1,0,0,0
"2399",149604558,0,0,0,NA,2,21,1,0,1,0
"2400",149604593,0,0,1,NA,0,24,1,1,0,0
"2401",149607314,1,0,1,NA,0,19,0,0,0,1
"2402",149607403,0,0,1,NA,0,26,1,0,0,0
"2403",149610821,0,0,0,0,1,56,0,0,0,1
"2404",149618074,1,0,1,NA,2,29,0,1,0,0
"2405",149619844,0,0,1,0,1,46,0,0,0,1
"2406",149623447,0,1,1,1,1,22,0,0,0,1
"2407",149623453,1,0,1,1,1,48,0,0,0,0
"2408",149623816,0,0,0,1,1,59,1,1,1,0
"2409",149625223,0,1,1,1,1,52,0,1,1,1
"2410",149625715,0,0,1,NA,0,29,1,1,0,0
"2411",149627469,0,0,0,NA,3,68,1,0,0,1
"2412",149629528,0,0,0,NA,3,85,0,1,1,1
"2413",149630391,1,0,1,NA,3,69,0,0,0,0
"2414",149630479,0,1,0,0,1,58,0,0,0,1
"2415",149633892,0,0,0,NA,0,41,1,1,0,1
"2416",149633897,0,0,0,NA,3,72,1,0,0,1
"2417",149633956,1,0,1,NA,3,62,0,0,0,0
"2418",149634259,0,0,1,0,1,61,1,1,1,1
"2419",149638883,1,1,1,NA,0,21,1,0,1,0
"2420",149642021,0,0,1,NA,0,44,1,1,1,1
"2421",149642054,0,1,1,1,1,55,0,0,1,0
"2422",149643763,0,1,0,1,1,44,0,1,1,1
"2423",149644381,1,0,0,NA,2,29,0,1,0,0
"2424",149647165,0,0,0,NA,3,64,1,0,0,1
"2425",149647541,0,0,0,NA,2,59,0,0,0,1
"2426",149650050,1,1,0,NA,0,44,0,1,1,0
"2427",149651687,0,0,0,1,1,27,0,0,0,1
"2428",149652088,1,0,1,NA,2,48,1,1,0,0
"2429",149655084,1,1,1,NA,0,28,0,1,0,0
"2430",149655236,0,1,0,0,1,44,0,1,0,1
"2431",149656794,0,1,1,0,1,41,0,1,1,1
"2432",149656858,0,0,0,1,1,63,0,1,1,1
"2433",149657738,0,1,1,NA,0,56,0,0,1,1
"2434",149660026,0,0,0,NA,0,53,1,0,1,1
"2435",149660059,0,1,1,NA,2,47,0,1,1,1
"2436",149660545,1,1,1,NA,0,28,1,1,0,0
"2437",149660788,1,0,0,0,1,29,1,1,0,0
"2438",149660930,1,0,1,1,1,44,0,0,0,1
"2439",149662145,1,1,1,NA,0,58,1,1,0,0
"2440",149663462,1,0,1,1,1,48,0,0,1,1
"2441",149663759,0,0,1,NA,0,39,0,1,1,1
"2442",149664167,1,1,1,0,1,29,0,1,1,0
"2443",149665068,0,1,1,1,1,27,0,1,1,1
"2444",149665081,1,0,1,NA,2,25,0,0,0,0
"2445",149666625,0,1,1,NA,3,68,1,1,0,1
"2446",149666652,1,0,1,NA,0,53,0,1,0,0
"2447",149666721,1,0,1,0,1,52,0,1,1,0
"2448",149667641,0,1,1,NA,3,72,1,0,0,0
"2449",149668344,0,0,1,0,1,51,0,1,1,0
"2450",149668369,1,0,0,NA,0,23,0,1,1,0
"2451",149668394,0,1,0,1,1,55,0,1,1,0
"2452",149668430,0,0,1,NA,0,42,1,0,0,1
"2453",149669170,0,1,0,0,1,34,0,1,0,0
"2454",149669266,1,0,0,NA,3,55,0,0,0,0
"2455",149669280,1,0,0,NA,3,61,0,0,0,0
"2456",149669302,0,0,0,NA,3,64,0,0,0,1
"2457",149669331,0,0,1,NA,2,55,1,0,0,0
"2458",149670090,1,0,0,NA,0,55,0,0,0,1
"2459",149670120,0,0,0,0,1,58,0,1,0,0
"2460",149670128,1,0,0,1,1,52,0,0,0,0
"2461",149670129,0,1,1,NA,0,53,0,0,1,1
"2462",149670806,0,1,1,NA,0,36,1,0,0,0
"2463",149670979,1,0,1,1,1,65,0,0,0,0
"2464",149672513,0,1,1,NA,3,74,0,0,1,1
"2465",149675152,1,0,0,0,1,40,1,1,1,1
"2466",149675434,1,1,1,NA,3,63,0,1,0,0
"2467",149676531,1,0,0,0,1,64,1,1,1,0
"2468",149677089,1,1,1,1,1,54,1,1,1,0
"2469",149677686,1,1,1,0,1,34,1,1,1,0
"2470",149678058,1,0,1,0,1,51,0,1,0,0
"2471",149678448,1,0,1,NA,0,57,0,1,1,0
"2472",149679023,1,1,1,1,1,47,1,1,0,0
"2473",149679034,0,0,0,NA,0,54,0,0,0,1
"2474",149679050,0,0,0,NA,0,21,1,1,1,0
"2475",149679510,1,1,1,0,1,26,0,1,0,0
"2476",149680651,0,0,0,0,1,57,1,1,0,1
"2477",149680658,0,1,0,NA,1,52,1,1,1,1
"2478",149682006,1,0,1,0,1,25,1,1,1,0
"2479",149683022,0,0,0,NA,2,43,0,1,1,0
"2480",149683071,0,1,0,NA,2,31,1,1,0,1
"2481",149683079,0,0,1,1,1,53,1,0,0,0
"2482",149683083,1,0,0,0,1,64,1,0,0,0
"2483",149683095,1,0,0,NA,3,64,0,1,1,0
"2484",149683101,1,0,0,0,1,51,1,0,0,1
"2485",149683235,1,0,0,NA,0,51,1,0,0,0
"2486",149683322,0,0,0,NA,2,59,1,1,0,0
"2487",149683346,0,0,0,NA,0,77,1,1,1,1
"2488",149683410,1,0,1,0,1,63,1,1,1,0
"2489",149683413,0,0,0,NA,0,36,1,0,0,0
"2490",149683424,0,0,1,NA,0,53,1,0,0,1
"2491",149683442,0,0,0,1,1,45,0,0,1,1
"2492",149683480,1,1,0,0,1,62,1,0,1,0
"2493",149683551,0,0,0,0,1,53,0,0,1,1
"2494",149684244,1,0,1,NA,2,31,0,0,0,0
"2495",149684836,1,0,0,0,1,50,1,0,0,0
"2496",149684922,0,1,0,NA,1,44,0,1,1,1
"2497",149684949,0,0,0,NA,0,64,0,1,0,1
"2498",149686159,1,0,0,NA,3,64,1,0,0,0
"2499",149686246,0,0,0,NA,3,64,1,0,0,1
"2500",149687633,1,0,0,1,1,54,0,1,0,0
