price,age,bathroom,bedroom,buyage,chnone,dholborn,floorm2,prkspace,chtgas,chtelec,phouse
289950.1,31,2,5,33,0,16.2296,199,0,1,0,1
97000.04,111,1,1,25,0,14.07167,65,0,1,0,0
192000,101,1,2,53,0,14.32966,105,1,1,0,1
92999.96,21,1,1,29,0,14.48593,51,1,1,0,0
195000,71,1,3,32,0,14.72067,110,1,1,0,1
102000,16,1,1,27,0,14.37632,44,0,1,0,0
319999.9,71,1,4,41,0,14.39403,135,0,1,0,1
315000,66,1,4,36,0,14.45057,163,0,1,0,1
135000,101,1,2,26,0,13.89567,71,0,1,0,1
75000.02,51,1,2,21,1,13.89904,64,0,0,0,0
117500,101,2,2,28,0,13.4427,66,1,1,0,0
77000.04,71,1,1,39,0,13.18526,41,0,1,0,0
169999.9,13,2,2,54,0,12.76031,92,0,1,0,0
152500.1,11,1,2,28,0,13.94691,60,1,1,0,1
116000,51,1,2,27,0,13.28276,74,0,0,1,0
153950.1,31,1,3,28,0,13.28276,115,0,1,0,1
120000,31,1,2,23,0,12.09935,93,0,1,0,1
81999.97,36,1,2,28,0,12.21589,67,0,0,1,0
85999.99,71,1,2,39,0,11.43259,80,1,1,0,1
97999.98,71,1,2,29,0,11.60665,68,1,1,0,1
139000,101,1,3,35,0,11.35374,95,0,1,0,1
132000,51,1,3,39,0,11.15199,73,0,1,0,1
101000,41,1,2,58,0,13.20491,91,0,1,0,0
89949.99,101,1,1,33,0,13.48349,59,0,1,0,0
95999.97,66,1,2,32,0,14.06913,72,0,1,0,0
159000,101,1,2,28,0,14.07817,86,0,1,0,1
104950,101,1,1,51,0,13.5421,52,0,1,0,0
99995.01,11,1,1,30,0,14.45675,43,1,0,1,0
107000,22,1,2,23,1,14.80329,71,1,0,0,0
115000,11,1,1,24,0,16.67122,96,0,1,0,1
179950,51,1,3,38,0,16.425,124,0,1,0,1
179950,71,1,2,29,0,16.425,88,0,1,0,1
148999.9,66,1,3,39,0,16.8076,104,0,1,0,1
128000,141,1,2,30,0,18.45902,60,0,1,0,1
128000,141,1,2,30,0,18.45902,60,0,1,0,1
98500.05,31,1,2,26,0,17.98607,73,0,0,1,0
99950.01,51,1,1,27,0,18.11979,48,0,1,0,0
124950,36,1,2,65,0,15.52916,85,0,1,0,1
146000,101,1,3,27,0,15.46919,88,0,1,0,1
150000,101,1,3,30,0,16.32933,88,0,1,0,1
160000,111,1,3,30,0,16.02159,92,1,1,0,1
191500.1,111,1,2,32,0,11.78914,109,0,1,0,1
155000,16,2,2,52,0,12.22051,90,0,1,0,0
132000,36,1,2,34,0,11.80719,85,0,1,0,0
127000,101,1,2,27,0,11.2709,102,0,1,0,0
87899.99,31,1,1,31,0,11.65502,58,0,1,0,0
345000.1,71,3,4,34,0,11.29721,255,0,1,0,1
85000.01,31,1,2,25,1,11.40033,59,0,0,0,0
84994.98,31,1,2,25,0,11.36687,68,0,0,1,0
59998.98,31,1,1,28,0,11.63445,50,0,0,1,0
130000,71,1,3,38,0,13.28497,100,1,1,0,1
237000,91,1,5,36,0,12.54122,155,0,1,0,1
202000.1,96,2,3,35,0,12.66473,136,0,1,0,1
375000.1,91,2,6,49,0,12.26415,230,1,1,0,1
106000,41,1,3,37,0,12.34431,85,0,0,1,0
145355,101,1,3,30,1,12.12927,96,0,0,0,1
126000.1,81,1,2,51,0,12.21356,91,0,1,0,1
115000,31,1,2,28,0,12.17546,79,0,1,0,0
128055,51,1,2,43,0,12.10527,105,0,1,0,0
125000,41,1,3,34,1,12.76978,113,0,0,0,0
140000,18,2,2,28,0,12.4552,92,0,1,0,0
75000.02,41,1,1,40,1,12.92715,42,0,0,0,0
129950,16,1,2,25,1,12.48521,54,0,0,0,0
310499.9,71,1,4,30,0,13.99852,140,0,1,0,1
200000,66,1,3,34,1,15.84031,135,0,0,0,1
189950,71,1,3,29,0,17.80788,98,0,1,0,1
155000,61,1,2,26,0,17.9685,78,1,1,0,1
250000,61,2,4,53,0,17.59841,222,0,1,0,1
238000,71,1,3,54,0,16.21949,116,0,1,0,1
189994.9,71,1,3,32,0,18.3099,130,0,1,0,1
230000,71,1,3,37,0,18.19773,123,0,1,0,1
269999.9,71,2,4,40,0,18.35657,184,0,1,0,1
90999.96,31,1,2,35,0,19.16501,64,0,0,1,0
85999.99,66,1,2,26,0,19.16797,53,0,1,0,0
84000.04,71,1,2,39,0,19.23759,68,0,1,0,0
133000,51,1,3,36,0,19.77145,114,0,1,0,1
97000.04,66,1,2,26,0,19.05558,57,0,1,0,0
112000,51,1,2,37,0,19.11949,78,0,0,1,1
66749.98,41,1,2,43,0,19.29204,65,0,1,0,0
92999.96,11,1,2,32,0,18.54859,64,1,1,0,1
128500,36,1,3,38,0,18.49059,106,0,1,0,1
120000,51,1,3,38,0,18.44653,117,0,1,0,1
84500.03,13,1,1,30,0,17.86469,62,1,1,0,1
94999.96,41,1,2,27,0,17.99437,65,1,1,0,0
56000.02,51,1,1,32,0,17.79951,50,0,1,0,0
74000.02,11,1,1,25,0,19.61768,52,1,0,1,1
118000,11,1,2,47,0,19.01937,71,1,1,0,1
44999.98,16,1,1,30,0,19.5764,35,1,0,1,0
131000,401,1,2,26,0,19.87798,77,1,1,0,1
111000,131,1,2,27,0,19.98188,78,0,1,0,1
79999.97,14,1,1,46,0,20.52598,47,1,1,0,1
235999.9,71,1,3,41,0,19.95103,131,1,1,0,1
89949.99,41,1,2,54,0,21.70143,82,0,0,1,0
327999.9,41,2,4,45,0,19.1522,141,0,1,0,1
230000,71,1,3,30,0,20.64378,132,0,1,0,1
200000,33,2,4,28,0,20.1876,165,0,1,0,1
123000,31,1,3,29,0,21.30195,109,1,1,0,1
81999.97,21,1,1,19,0,20.65625,50,0,0,1,0
319999.9,26,2,4,29,0,14.30628,172,0,1,0,1
247999.9,33,2,4,44,0,14.69781,205,0,1,0,1
123500,48,1,2,27,0,15.66417,73,0,1,0,0
160000,111,1,2,54,0,15.66417,60,0,1,0,1
149950,21,1,2,25,0,15.6862,50,0,1,0,0
253000,66,2,4,30,0,14.84505,154,0,1,0,1
90499.99,46,1,2,27,0,14.43746,52,0,1,0,0
86999.96,66,1,2,31,0,14.71923,60,0,0,1,0
90000.02,46,1,2,34,0,14.7684,71,1,1,0,0
85000.01,51,1,2,28,0,20.55287,77,0,1,0,0
129995,71,2,3,33,0,19.58794,102,1,1,0,1
97999.98,51,1,3,46,0,18.4786,100,1,1,0,1
112000,11,1,2,42,0,16.29109,67,0,1,0,0
72499.97,81,1,1,26,0,16.61539,44,0,1,0,0
76499.97,101,1,1,34,0,16.56701,54,1,1,0,0
61999.97,101,1,1,41,0,16.56701,58,1,1,0,0
114500,66,1,3,25,0,16.57505,73,1,1,0,0
97999.98,71,1,2,30,0,16.18315,66,0,1,0,0
119950,4,1,2,25,0,15.81816,67,1,1,0,0
105000,9,1,1,34,0,15.78834,53,1,1,0,0
94999.96,6,1,2,36,0,15.80037,57,1,1,0,0
99000.02,16,1,2,28,0,15.26128,75,0,1,0,1
103000,101,1,2,35,0,14.46118,81,0,1,0,1
91999.97,91,1,2,49,0,14.00525,65,0,1,0,0
119000,112,1,2,26,0,13.82103,82,0,1,0,1
96500.05,111,1,3,39,0,13.47841,74,0,1,0,1
119950,101,1,2,45,0,13.95083,82,0,1,0,1
77000.04,71,1,2,26,1,14.42231,68,0,0,0,0
147000,101,1,3,28,0,14.2345,100,0,1,0,1
69949.98,51,1,1,36,0,14.85186,64,0,1,0,0
92999.96,71,1,2,31,0,16.05614,40,0,1,0,0
93999.98,71,1,2,31,0,16.05614,40,0,1,0,0
106000,51,1,2,31,0,17.09409,79,1,1,0,1
119950,71,1,2,46,0,16.73355,118,1,1,0,1
105000,101,1,2,33,0,15.93571,79,0,1,0,1
146650,66,1,3,43,0,16.17612,138,1,1,0,1
89949.99,66,1,2,30,0,16.25283,50,1,1,0,0
113000,31,1,2,36,1,15.99875,71,0,0,0,1
107000,4,1,2,28,0,14.56656,56,1,1,0,1
189000.1,71,1,3,40,0,15.81986,128,0,1,0,1
186999.9,71,1,3,40,0,15.81986,128,0,1,0,1
138000,16,2,2,29,0,15.68014,75,0,1,0,0
210000,21,2,4,33,0,16.29251,139,0,1,0,1
114000,21,1,2,26,0,16.29251,86,1,1,0,0
111000,26,1,1,41,0,15.86634,50,0,1,0,0
145000,101,1,2,50,0,15.04731,101,0,1,0,1
85000.01,91,1,2,30,1,14.52348,65,0,0,0,0
124000,91,1,2,24,0,14.22555,95,0,1,0,1
148999.9,71,1,3,37,0,14.65384,105,0,1,0,1
130000,81,1,3,32,0,14.57925,101,0,1,0,1
127000,101,1,2,34,0,14.57925,101,0,1,0,1
113500,101,1,2,33,1,14.43696,110,0,0,0,1
139000,91,1,3,29,1,14.47576,95,1,0,0,1
105000,101,1,2,32,0,14.75902,72,0,1,0,1
75999.97,46,1,1,37,0,14.82465,53,0,1,0,0
109000,31,1,2,36,0,15.30534,57,0,0,1,0
182000,94,2,4,30,0,14.53926,137,0,1,0,1
135000,71,1,3,41,0,14.53926,110,0,1,0,1
66999.99,16,1,1,20,0,15.33656,38,0,0,1,0
53599.99,101,1,1,27,0,15.23627,29,0,1,0,0
88499.98,12,1,1,27,0,14.92008,51,1,0,1,0
97000.04,71,1,3,29,0,14.65621,100,0,1,0,0
176500.1,71,1,3,26,0,14.75649,124,0,1,0,1
184950,71,1,3,32,0,14.79822,128,0,1,0,1
167500.1,71,1,3,35,0,15.18067,129,1,1,0,1
105500,71,1,2,25,0,15.40685,72,1,1,0,0
135000,66,1,3,55,0,14.31964,88,0,1,0,1
112500,26,1,2,26,0,14.41137,73,0,1,0,0
197500,71,1,3,54,0,16.09388,129,0,1,0,1
72000.01,31,1,1,25,1,18.43753,49,0,0,0,0
67950.02,33,1,1,28,0,18.62737,65,0,1,0,0
131500,33,1,3,34,0,18.78424,96,0,1,0,1
99999.97,26,1,2,31,1,18.71469,65,0,0,0,0
80500.03,25,1,1,38,0,19.03318,53,0,1,0,0
160000,66,1,3,33,0,18.59037,144,0,1,0,1
127500,101,1,2,29,0,18.35935,84,1,1,0,0
89000.02,111,1,1,34,0,18.42406,73,1,1,0,0
102500,21,1,2,25,1,18.30703,61,0,0,0,0
99999.97,31,1,2,27,0,18.07966,71,0,1,0,0
81999.97,101,1,1,28,0,17.68119,59,0,1,0,0
85000.01,71,1,1,31,0,17.68119,54,0,1,0,0
48500,91,1,1,27,1,17.66284,36,0,0,0,0
91999.97,21,1,1,32,1,16.58795,50,0,0,0,0
250000,101,1,5,40,0,17.64909,190,0,1,0,1
210000,71,1,3,36,0,17.42482,108,0,1,0,1
210000,71,1,3,36,0,17.42482,108,0,1,0,1
106000,111,1,2,28,0,16.92925,65,0,1,0,1
106000,71,1,2,31,0,16.92038,69,0,1,0,1
105000,71,1,2,31,0,16.92038,69,0,1,0,1
60000.01,101,1,1,28,0,16.95186,58,1,1,0,0
84000.04,91,1,1,27,0,17.03755,60,0,1,0,0
160000,66,2,3,34,0,18.56886,124,0,1,0,1
154000,25,1,3,39,0,19.22794,105,0,1,0,1
153500,24,1,3,37,0,19.52217,105,0,1,0,1
153000,41,1,3,30,1,19.38396,84,0,0,0,1
150000,132,1,2,33,0,20.36266,92,1,1,0,1
77000.04,16,1,1,31,1,12.3325,47,1,0,0,1
145000,36,1,3,38,0,12.82403,123,0,1,0,1
78000.02,51,1,1,37,0,13.2185,48,1,1,0,0
139000,51,1,3,32,0,13.06113,115,0,1,0,1
126000.1,71,1,3,38,0,13.0036,80,0,1,0,1
120000,111,1,2,26,1,13.01231,104,0,0,0,1
97999.98,31,1,3,27,0,12.75691,127,0,1,0,1
52000.01,51,1,1,31,0,12.9628,50,0,1,0,0
94999.96,31,1,3,28,0,13.18654,126,0,1,0,1
219949.9,71,1,3,39,0,12.31427,138,0,1,0,1
79995.02,6,1,1,28,1,12.48825,39,1,0,0,0
94999.96,101,1,1,29,0,11.64762,63,0,1,0,0
127000,101,1,2,31,0,11.6512,54,0,1,0,0
149995,71,1,3,27,0,12.35946,104,1,1,0,1
81950.01,13,1,1,40,1,12.17965,59,1,0,0,0
72000.01,66,1,1,33,0,12.74142,48,0,1,0,0
128000,66,1,3,49,0,12.26165,87,0,1,0,1
59500,11,1,1,35,1,12.9275,32,1,0,0,0
75000.02,11,1,1,28,0,13.21966,45,0,1,0,0
85994.99,11,1,1,28,0,12.47314,47,1,0,1,0
79999.97,8,1,1,27,0,12.60292,51,1,0,1,0
164500,6,1,3,28,0,12.6838,80,1,1,0,1
148000,91,1,3,38,0,13.31573,95,0,1,0,1
129000,71,1,3,38,0,14.27865,98,0,1,0,1
83499.97,56,1,3,26,0,13.98303,39,0,1,0,0
130000,26,1,3,43,0,23.18095,102,0,1,0,1
224999.9,71,1,3,36,0,21.66166,162,0,1,0,1
93999.98,41,1,2,28,0,21.15615,77,0,1,0,0
125000,26,1,3,25,0,21.81323,90,0,1,0,1
133000,71,1,3,40,0,22.4282,96,1,1,0,1
78000.02,66,1,2,27,1,25.10659,59,1,0,0,0
293000,31,2,4,42,0,24.17505,221,0,1,0,1
293000,31,2,4,42,0,24.17505,221,0,1,0,1
138000,71,1,3,51,0,13.25231,91,1,1,0,1
155000,91,1,3,40,0,12.99635,98,0,1,0,1
158000,81,1,3,51,0,12.79326,111,0,1,0,1
123000,81,1,3,40,0,12.84477,93,0,1,0,1
93999.98,111,1,2,41,0,13.45739,89,0,1,0,1
104450,81,1,2,30,1,13.71883,112,0,0,0,1
104950,81,1,2,30,1,13.71883,112,0,0,0,1
116000,98,1,2,29,0,13.06422,88,0,1,0,1
119000,91,1,2,35,0,12.58933,80,0,1,0,1
224999.9,101,2,4,44,0,12.77389,170,0,1,0,1
88499.98,101,1,2,35,0,12.73695,82,0,1,0,0
56000.02,121,1,1,36,1,12.37592,45,0,0,0,0
110000,101,1,3,32,0,12.00512,107,0,1,0,1
93999.98,71,1,2,30,0,11.8369,78,1,1,0,0
123500,101,1,3,33,0,11.68532,102,0,1,0,1
109000,111,1,2,29,0,11.85107,81,0,1,0,1
99950.01,111,1,2,26,0,13.02607,68,0,1,0,1
79999.97,12,1,1,33,0,19.41217,40,0,0,1,0
136000,91,1,3,30,0,20.20178,90,0,1,0,1
58999.98,16,1,3,72,0,19.99837,66,0,1,0,0
265000,71,1,3,54,0,18.94166,175,0,1,0,1
265000,73,2,4,35,0,19.36602,200,0,1,0,1
317499.9,51,1,3,39,0,21.05596,106,0,1,0,1
158500,66,1,3,37,0,20.91842,92,0,1,0,1
156000,123,1,3,33,0,16.36136,102,1,1,0,1
72999.98,61,1,2,34,0,17.69876,50,1,1,0,0
79999.97,111,1,1,27,0,18.38571,40,0,1,0,0
57999.97,31,1,1,24,0,17.92458,49,0,1,0,0
160000,46,1,3,52,0,17.50873,90,0,1,0,1
185000,41,1,3,40,0,15.26934,127,0,1,0,1
83000.03,46,1,2,42,0,15.42748,63,0,1,0,0
69949.98,31,1,1,33,0,19.36419,53,0,1,0,0
103500,76,1,3,25,0,20.1916,84,1,1,0,1
94999.96,41,1,3,53,0,20.2145,90,0,1,0,1
95999.97,14,1,2,25,0,19.69088,82,1,1,0,1
79000.03,16,1,2,33,0,19.99486,69,1,0,1,1
68000.01,16,1,1,28,0,19.70567,51,1,0,1,0
108000,121,1,2,29,0,15.40491,74,0,1,0,1
118000,66,1,2,29,1,14.87373,75,1,0,0,1
262500,66,2,4,38,0,14.96317,158,0,1,0,1
262500,66,2,4,38,0,14.96317,158,0,1,0,1
262500,66,2,4,38,0,14.96317,158,0,1,0,1
116000,67,1,3,26,0,14.54901,95,0,1,0,1
175000,67,1,3,43,0,14.56569,113,0,1,0,1
136000,66,1,3,30,0,14.72962,87,1,1,0,1
118000,66,1,2,27,0,15.53694,74,0,1,0,1
84994.98,66,1,2,26,1,15.80681,60,0,0,0,1
190000,71,1,4,30,0,15.44168,146,0,1,0,1
102000,46,1,2,32,0,15.09898,74,1,1,0,1
120000,71,1,3,37,0,15.01065,88,1,1,0,1
114000,66,1,2,28,0,15.15987,74,0,1,0,1
127500,71,1,3,24,1,15.61988,85,0,0,0,1
79000.03,66,1,2,56,0,14.83101,68,0,1,0,0
147500,71,1,3,33,0,15.43701,100,0,1,0,1
140000,71,1,3,29,1,14.35933,107,0,0,0,1
114000,66,1,3,25,0,14.00158,87,0,1,0,1
121500,66,1,3,31,0,13.79567,86,0,1,0,1
70000.03,66,1,2,26,0,14.21335,95,1,1,0,0
81999.97,71,1,2,51,1,14.74416,75,0,0,0,1
83000.03,15,1,2,24,0,14.30544,69,1,0,1,0
72994.98,6,1,1,28,0,13.77852,47,1,0,1,0
119000,31,1,3,31,0,13.44196,77,0,1,0,1
84994.98,71,1,2,28,0,16.7145,88,0,1,0,1
79999.97,71,1,2,25,0,16.02564,73,0,0,1,1
84994.98,16,1,2,34,0,16.56417,69,1,1,0,0
57999.97,13,1,1,35,0,15.38227,54,0,0,1,1
64995,13,1,1,30,0,15.73379,50,1,0,1,1
94999.96,101,1,3,26,0,17.01742,95,0,1,0,1
56000.02,15,1,1,33,0,17.08348,45,1,1,0,0
121995,69,2,3,45,0,16.80161,123,0,1,0,1
173000,71,1,4,38,0,16.88483,130,1,1,0,1
73500.02,16,1,1,28,0,18.25793,51,1,1,0,0
430000,51,2,4,51,0,18.00798,181,0,1,0,1
125000,351,1,2,24,0,18.50054,93,0,1,0,1
112000,111,1,2,33,0,18.23757,74,1,1,0,1
122500,66,1,2,101,0,16.77096,79,0,1,0,1
90000.02,38,1,2,57,0,17.31182,58,0,1,0,0
103000,66,1,2,36,0,17.14898,77,1,1,0,1
197000,51,1,4,44,0,17.81166,130,1,1,0,1
163000.1,81,1,3,41,0,17.1263,106,0,1,0,1
139499.9,31,1,4,36,0,16.96878,134,0,1,0,1
89995.04,31,1,2,24,0,16.11644,58,1,1,0,0
195000,71,1,3,33,0,16.25856,125,0,1,0,1
174500,66,1,3,44,0,16.6247,98,1,1,0,1
247999.9,71,1,4,43,0,17.23574,177,0,1,0,1
121000,66,1,2,30,0,17.41871,64,0,1,0,1
118000,31,1,3,32,0,17.4813,96,0,1,0,1
185499.9,71,1,3,39,0,15.41582,126,0,1,0,1
185499.9,71,1,3,39,0,15.41582,126,0,1,0,1
135000,71,1,3,32,1,15.25578,108,0,0,0,1
101000,71,1,2,38,0,18.98319,83,1,1,0,1
77499.97,21,1,2,27,0,18.5386,65,1,1,0,1
50999.98,7,1,1,22,0,18.40178,41,0,0,1,0
89000.02,101,1,3,27,0,18.20491,93,0,1,0,1
69995.02,6,1,2,24,0,20.29967,67,1,1,0,0
81999.97,106,1,3,27,0,19.45495,93,0,1,0,1
124995,3,2,3,35,0,20.49868,88,0,1,0,1
75249.98,91,1,3,25,0,20.19733,102,0,0,1,1
103995,21,1,3,25,0,20.31189,74,1,1,0,1
47500,51,1,1,28,0,19.60444,55,0,0,1,0
35000,10,1,1,23,1,19.49388,33,1,0,0,0
112000,111,1,2,41,0,7.581738,91,0,1,0,1
138000,101,1,3,33,0,8.67543,94,0,1,0,1
94949.97,101,1,2,31,0,8.361053,74,0,1,0,0
93999.98,101,1,3,29,0,8.461584,64,0,1,0,0
91999.97,101,1,3,28,0,8.014978,70,1,1,0,0
79995.02,101,1,1,32,0,8.001446,52,0,1,0,0
59950.02,71,1,1,30,0,8.249585,37,0,1,0,0
123000,101,1,3,23,0,7.561961,108,0,1,0,1
83000.03,101,1,2,27,0,7.351894,66,0,1,0,0
210000,101,1,4,29,0,9.217936,135,0,1,0,1
93500.02,0,1,1,22,0,9.090693,60,1,1,0,1
84749.98,121,1,1,25,0,11.02526,42,0,1,0,0
130000,101,1,2,29,0,11.02526,78,1,1,0,0
149995,101,2,3,32,0,11.04883,89,1,1,0,0
175000,101,1,2,27,0,11.00058,107,1,1,0,0
169999.9,121,1,2,27,0,11.06369,92,0,1,0,1
185000,111,1,2,34,0,11.06281,83,0,1,0,1
299950,71,1,4,37,0,10.90852,155,1,1,0,1
85999.99,81,1,1,29,1,10.20688,60,1,0,0,0
92500.02,14,1,2,27,0,9.145391,57,1,0,1,0
70999.98,101,1,1,27,0,8.078544,55,0,1,0,0
113000,101,1,3,25,0,8.528465,111,0,1,0,1
87500.04,121,1,2,37,0,8.589765,54,0,1,0,0
85000.01,101,1,2,28,0,8.44555,51,0,1,0,0
74995.01,16,1,1,32,0,9.813572,30,1,0,1,0
105000,17,1,2,26,0,9.813572,52,1,0,1,0
157500.1,91,1,3,27,0,8.641583,94,0,1,0,1
133000,101,1,3,28,0,8.515728,112,0,1,0,1
167000,101,1,3,48,0,8.45629,113,0,1,0,1
167000,101,1,3,48,0,8.45629,113,0,1,0,1
83499.97,101,1,2,29,0,8.222735,68,0,1,0,0
124000,101,1,2,26,0,8.557294,84,0,1,0,1
84000.04,111,1,1,32,0,8.826813,68,0,1,0,0
72000.01,11,1,1,51,0,9.843191,72,0,1,0,1
249995,101,1,3,40,0,10.32436,122,1,1,0,1
105000,26,1,2,32,0,10.49748,81,0,1,0,0
97500.03,101,1,2,33,0,10.88601,84,0,1,0,1
60000.01,71,1,1,28,1,11.27657,54,0,0,0,0
65000.02,71,1,2,30,0,11.24719,70,0,1,0,0
60000.01,71,1,1,33,0,8.250339,67,0,1,0,0
103000,101,1,3,25,0,8.347246,114,0,1,0,1
61999.97,71,1,1,46,1,8.418098,64,0,0,0,0
79995.02,101,1,3,40,0,8.894669,54,0,1,0,0
75000.02,11,1,2,46,1,8.765942,63,0,0,0,0
72999.98,11,1,2,29,1,8.8574,58,1,0,0,0
135000,51,1,3,27,0,8.749243,123,0,1,0,1
79499.98,51,1,1,27,0,2.464126,57,0,1,0,0
105000,101,1,1,29,0,2.476167,48,0,1,0,0
124995,101,1,1,29,0,2.893842,56,0,1,0,0
214000,256,1,2,26,0,2.990243,101,0,1,0,0
79999.97,8,1,1,25,0,5.714147,48,1,0,1,0
305000,13,2,5,39,0,6.364206,148,1,1,0,1
155000,11,1,2,55,0,5.540647,52,1,0,1,0
99999.97,21,1,1,30,0,5.708967,47,0,1,0,0
126000.1,11,1,1,24,0,5.035613,62,1,0,1,0
227500,5,2,3,30,0,4.431728,104,1,1,0,1
228000,14,2,2,27,0,4.471872,73,1,1,0,0
218000.1,12,2,2,30,0,4.482187,98,1,0,1,0
149950,11,1,2,32,0,5.37998,57,0,0,1,0
85000.01,51,1,2,42,0,7.824055,52,0,1,0,0
86500.02,41,1,3,36,0,7.2943,93,0,1,0,0
112000,36,1,3,30,0,6.822095,95,0,1,0,1
150000,101,1,3,27,0,7.482776,119,0,1,0,1
130000,51,1,3,49,0,7.69691,93,0,1,0,1
122000,101,1,2,27,0,7.391562,64,0,1,0,1
69995.02,21,1,1,52,1,7.894451,46,1,0,0,0
66995.01,41,1,1,32,0,6.986073,52,0,1,0,0
127500,101,1,2,27,0,6.987401,69,0,1,0,1
79999.97,101,1,2,36,0,9.91648,86,0,1,0,1
79999.97,11,1,2,31,0,9.969985,66,1,0,1,0
40000,101,1,1,30,1,8.410728,57,0,0,0,0
119000,16,1,3,30,0,8.948036,80,0,1,0,1
104000,61,1,3,48,0,6.862759,108,0,1,0,1
119995,101,1,2,36,0,9.287176,86,0,1,0,1
101000,71,1,2,26,0,10.1612,86,0,1,0,0
165000,51,1,3,33,0,11.19426,94,0,1,0,1
125000,41,1,3,47,0,11.28773,94,1,1,0,1
120000,101,1,3,30,0,10.83073,86,0,1,0,1
127000,101,1,2,51,0,9.651979,89,0,1,0,1
91999.97,101,1,2,28,0,10.5368,77,1,1,0,1
110000,71,1,3,32,0,10.60125,74,0,1,0,1
87995.02,101,1,1,29,0,10.04983,50,0,1,0,0
79000.03,101,1,1,27,0,10.04983,60,0,1,0,0
95995.02,101,1,2,27,0,9.772364,66,0,1,0,0
75000.02,16,1,1,58,1,9.620907,44,1,0,0,0
120000,101,1,2,34,0,9.393698,88,0,1,0,1
115000,121,1,2,33,0,9.193923,77,0,1,0,1
101000,101,1,2,28,0,9.239084,82,0,1,0,1
115000,21,1,2,53,0,9.170785,71,0,0,1,1
105000,101,1,2,36,0,8.565861,73,0,1,0,0
79000.03,101,1,1,31,0,8.718549,56,0,1,0,0
132500,101,1,3,29,0,9.599305,122,0,1,0,1
110000,101,1,2,32,0,9.345378,81,0,1,0,0
79999.97,101,1,1,34,0,8.393327,49,1,1,0,0
74000.02,101,1,1,35,1,8.184077,52,0,0,0,0
120000,101,1,2,45,0,8.012336,85,0,1,0,1
86999.96,91,1,2,33,1,8.391511,59,0,0,0,0
130000,101,1,2,30,0,8.723527,90,0,1,0,1
118000,101,1,2,28,0,8.026113,80,0,1,0,1
112000,101,1,2,28,0,8.185404,90,0,1,0,1
124950,101,1,2,40,0,7.972124,96,0,1,0,1
80999.98,101,1,2,25,0,7.781069,63,0,1,0,0
79995.02,101,1,2,29,0,7.664755,80,0,1,0,0
89000.02,91,1,2,28,0,7.527815,69,0,1,0,0
122000,71,1,3,38,0,8.371392,91,0,1,0,1
110000,101,1,3,50,0,8.407036,85,0,1,0,1
117000,101,1,2,41,0,8.340044,92,0,1,0,1
138000,101,1,3,29,0,8.602921,105,0,1,0,1
89000.02,101,1,2,30,0,8.847298,57,0,1,0,0
140000,101,1,3,33,0,9.841673,116,0,1,0,1
145000,101,1,2,31,0,9.280987,65,0,1,0,1
181000.1,101,1,3,30,0,9.263879,106,0,1,0,1
279995.1,96,1,4,34,0,12.03662,180,0,1,0,1
57949.99,31,1,1,23,1,12.80716,38,0,0,0,0
99499.97,11,1,1,32,0,12.01973,58,1,0,1,0
215000.1,71,1,3,36,0,11.72842,135,0,1,0,1
184000,51,1,3,33,0,11.61547,91,1,1,0,1
182000,101,1,3,29,0,11.57019,102,0,1,0,1
175000,51,1,3,36,0,11.5403,95,0,1,0,1
101500,31,1,2,29,0,12.6255,58,0,0,1,0
371000,41,2,4,35,0,10.82335,184,0,1,0,1
54949.99,51,1,2,31,0,11.45912,81,1,1,0,1
117500,141,1,1,30,0,11.18776,61,1,1,0,0
122500,71,1,2,32,0,11.60795,72,1,1,0,1
108000,34,1,2,29,0,11.87822,85,0,1,0,0
105000,34,1,2,29,0,11.87822,85,0,1,0,0
106000,101,1,2,23,0,11.86371,73,0,1,0,0
240000,221,1,2,32,0,1.261175,84,1,1,0,0
126500,71,1,1,24,0,1.386987,48,0,1,0,0
191000,3,2,2,29,0,2.647,124,0,1,0,0
165000,42,1,2,30,0,2.760569,77,1,0,1,0
240000,42,1,2,30,0,2.760569,65,1,0,1,0
108000,27,1,1,27,0,2.497577,46,0,1,0,0
182500.1,126,2,2,30,0,2.436434,112,0,1,0,0
140000,101,1,1,30,0,5.296521,70,0,1,0,0
182000,11,1,3,46,0,5.069213,74,1,0,1,0
104500,11,1,1,27,0,4.677833,42,1,1,0,0
160000,131,1,2,31,0,4.081052,68,0,1,0,0
135000,106,1,1,30,0,4.081052,57,0,1,0,0
116500,41,1,2,33,0,4.674779,74,1,1,0,0
94999.96,31,1,2,28,0,4.66615,90,1,1,0,0
249950,121,1,3,29,0,4.275986,110,0,1,0,1
167000,71,1,3,30,0,14.3716,92,0,1,0,1
85999.99,51,1,2,31,1,14.08003,50,0,0,0,0
305000,91,1,4,38,0,14.0854,160,0,1,0,1
175000,69,1,3,49,0,13.59132,99,0,1,0,1
379999.8,91,2,4,36,0,15.04614,222,1,1,0,1
158000,71,1,3,39,0,14.43291,79,0,1,0,1
158000,71,1,3,39,0,14.43291,79,0,1,0,1
148999.9,71,1,3,26,0,14.43976,94,0,1,0,1
115000,49,1,3,37,0,15.5019,83,0,1,0,1
152500.1,71,1,3,27,0,13.2733,86,0,1,0,1
159000,71,1,3,38,1,13.20032,106,0,0,0,1
148000,71,1,3,45,0,13.22244,109,0,1,0,1
145000,71,2,3,38,0,12.91573,96,0,0,1,1
91499.99,41,1,2,29,0,12.14486,70,0,1,0,0
132000,31,1,4,38,0,11.6036,138,0,1,0,1
179000.1,101,1,3,51,0,12.36247,115,0,1,0,1
99999.97,86,1,3,25,0,12.0003,97,0,1,0,1
160000,81,2,3,38,0,12.42948,118,0,1,0,1
120000,101,1,3,32,0,11.68102,105,0,1,0,1
169999.9,66,1,3,45,0,13.10244,104,1,1,0,1
175000,101,1,3,41,0,5.530145,124,0,1,0,1
357999.9,101,2,6,41,0,5.513288,270,0,1,0,1
323999.9,91,2,3,36,0,5.675362,219,0,1,0,1
92994.99,126,1,1,32,0,5.251629,58,0,1,0,0
125000,111,1,2,29,0,5.236154,82,0,1,0,0
79999.97,10,1,1,29,1,6.474863,47,0,0,0,0
97000.04,101,1,2,32,0,9.437085,92,0,1,0,1
114995,101,1,3,39,0,9.508779,96,0,1,0,1
140000,96,1,4,26,0,10.66576,119,0,1,0,1
94999.96,101,1,2,26,0,10.7927,88,0,1,0,1
95995.02,101,1,2,40,0,9.640936,87,0,1,0,1
94999.96,101,1,2,46,0,9.39894,87,0,1,0,1
125000,101,1,3,35,0,9.566014,106,0,1,0,1
93994.95,71,1,2,26,0,9.853855,86,0,1,0,1
170999.9,16,1,4,29,0,9.821462,145,0,1,0,1
168000,14,2,4,42,0,9.821462,122,1,1,0,1
86500.02,16,1,2,27,0,10.11928,55,0,1,0,1
98500.05,11,1,2,57,1,9.999361,78,0,0,0,1
105000,16,1,2,35,0,9.89604,66,1,1,0,1
138000,16,2,4,40,0,9.419779,108,0,1,0,1
128000,12,2,3,36,0,10.05017,120,1,1,0,1
66500.02,51,1,2,49,0,10.48333,71,0,1,0,0
125000,71,1,3,41,0,10.69076,98,0,1,0,1
99999.97,41,1,3,35,0,10.85694,98,0,1,0,1
68000.01,46,1,2,42,0,9.435724,69,0,1,0,0
105000,101,1,3,54,0,8.459157,97,0,1,0,1
67499.98,26,1,2,27,0,8.181417,64,1,0,1,0
65000.02,131,1,1,31,0,8.811448,52,0,1,0,0
118000,131,1,2,26,0,4.498342,63,0,1,0,0
120000,101,1,1,33,0,4.521855,65,0,1,0,0
189000.1,101,2,3,32,0,4.438418,110,0,1,0,0
137000,121,1,1,29,0,4.117653,89,0,1,0,0
110000,51,1,2,28,0,3.505032,79,0,1,0,0
146000,131,1,2,37,0,3.54908,54,0,1,0,0
75499.99,41,1,2,32,0,4.740843,65,0,1,0,0
91999.97,42,1,2,28,1,4.072812,80,0,0,0,0
153000,3,2,2,29,0,4.102573,73,1,1,0,0
87825,101,1,1,35,0,3.54114,72,0,1,0,0
273500.1,101,1,2,33,0,3.59623,125,0,1,0,0
224999.9,19,1,2,44,0,1.472527,77,0,1,0,0
104000,91,1,1,31,0,1.765993,55,0,1,0,0
152000,41,1,1,39,0,1.57388,55,0,0,1,0
425000.1,111,2,2,38,0,1.451034,160,0,1,0,0
305000,121,2,2,29,0,1.730492,125,0,1,0,0
121500,11,1,2,43,0,14.16097,60,1,0,1,0
149500,101,1,2,23,0,15.06034,92,0,1,0,1
115000,71,1,1,32,0,14.00455,53,0,1,0,0
309999.9,91,1,5,44,0,14.539,178,0,1,0,1
160000,71,1,3,38,0,16.81292,80,0,1,0,1
146000,101,1,2,30,0,15.49381,98,0,1,0,1
232999.9,71,1,3,38,0,15.93379,148,0,1,0,1
50999.98,34,1,1,25,0,16.56368,38,0,1,0,0
93999.98,101,1,3,29,0,16.76048,82,0,1,0,0
94500,101,1,3,29,0,16.76048,82,0,1,0,0
91999.97,41,1,1,27,0,16.87239,55,0,1,0,0
140000,101,1,2,27,0,16.91517,66,0,1,0,1
145000,101,1,3,51,0,16.96331,95,0,1,0,1
147000,131,1,2,32,0,16.38035,94,0,1,0,1
148000,131,1,2,32,0,16.38035,94,0,1,0,1
210999.9,171,1,2,39,0,15.7502,106,0,0,1,1
175000,151,1,2,28,0,15.161,91,0,1,0,1
177500,111,2,3,43,0,15.55534,103,0,1,0,1
439999.9,51,3,5,47,0,15.22555,248,1,1,0,1
110000,16,1,2,36,0,15.27537,53,1,1,0,0
240000,71,1,3,42,0,15.37347,80,1,1,0,1
154000,21,1,2,27,0,17.17029,91,0,1,0,0
81499.99,41,1,1,28,0,16.54686,51,0,0,1,0
224999.9,201,1,4,30,0,18.75641,144,1,0,1,1
126500,101,1,3,29,0,14.69238,76,0,1,0,1
137000,71,1,3,41,0,17.00217,108,0,1,0,1
95500.02,66,1,2,52,0,17.0468,84,0,1,0,1
79000.03,41,1,3,43,0,17.4473,74,0,1,0,0
128500,101,1,4,33,0,17.73602,121,0,1,0,1
85000.01,51,1,2,33,0,18.26899,56,0,1,0,0
109000,71,2,3,24,1,17.77897,93,1,0,0,1
115000,111,1,3,27,0,18.02258,113,0,1,0,1
68500.01,113,1,1,23,0,18.02258,66,0,1,0,0
114500,17,1,2,40,0,18.03089,69,0,1,0,1
63499.99,11,1,1,30,1,18.29766,37,0,0,0,0
68000.01,101,1,1,22,0,18.52256,50,0,1,0,0
186999.9,71,1,3,32,0,14.50979,95,0,1,0,1
250000,71,2,4,35,0,13.91302,152,0,1,0,1
113000,66,1,1,46,0,14.28424,53,0,1,0,0
172000.1,71,1,3,38,0,14.88849,75,0,1,0,1
169999.9,71,1,3,32,0,15.17888,100,0,1,0,1
166000,48,1,3,26,0,16.35769,109,1,1,0,1
97949.98,101,1,1,30,0,15.82839,45,1,1,0,0
97000.04,101,1,1,27,0,15.82839,45,1,1,0,0
175000,76,1,3,53,0,15.77798,102,0,1,0,1
177500,71,1,3,28,0,15.64374,83,0,1,0,1
120000,27,1,2,30,0,15.99657,74,1,1,0,0
120000,27,1,2,30,0,15.99657,74,1,1,0,0
93500.02,101,1,1,28,0,16.29682,65,0,1,0,0
123000,31,1,2,26,0,16.17674,78,0,0,1,0
115000,51,1,2,26,0,16.6846,67,0,1,0,0
92999.96,16,1,1,32,0,17.54532,64,0,1,0,0
148000,121,1,2,35,0,17.37076,98,0,1,0,1
144250,121,1,2,29,0,17.37076,92,0,1,0,1
147000,61,1,2,35,0,17.58933,116,1,1,0,1
144950,151,1,2,31,0,17.55936,77,0,1,0,1
125000,96,1,1,27,0,17.78654,68,0,1,0,0
281000.1,96,1,3,48,0,18.0951,115,0,1,0,1
249000,26,1,3,59,0,18.08499,147,0,1,0,1
208000,111,1,3,30,0,16.69646,126,0,1,0,1
114000,101,1,2,29,0,17.29118,57,1,1,0,0
103000,11,1,1,37,0,15.32272,49,0,0,1,0
130000,31,1,2,49,0,15.4231,89,1,1,0,0
167000,66,1,3,30,0,15.97864,103,0,1,0,1
113450,68,1,2,35,0,15.93767,58,1,1,0,0
113950,68,1,2,35,0,15.93767,58,1,1,0,0
105000,31,1,2,30,0,16.17023,74,0,1,0,0
281000.1,66,2,5,33,0,16.40965,185,0,1,0,1
84000.04,71,1,1,32,0,14.89629,48,1,1,0,0
152500.1,101,1,2,26,0,19.0286,90,0,1,0,1
142500,99,1,3,24,0,18.90749,73,0,1,0,0
99999.97,151,1,1,28,0,19.15082,69,0,1,0,0
106000,71,1,1,28,0,18.43054,45,0,1,0,0
110000,91,1,2,33,0,18.6459,68,0,1,0,0
327000.1,7,3,4,37,0,18.60931,140,0,1,0,1
85000.01,66,1,1,32,0,17.78168,65,0,1,0,0
215000.1,7,2,3,28,0,18.12379,124,1,1,0,0
106000,66,1,2,32,0,17.83458,45,0,1,0,1
168500,91,1,3,31,0,19.3783,87,0,1,0,1
124000,71,1,2,24,0,19.3783,63,0,1,0,0
179950,91,1,3,30,0,19.6633,96,0,1,0,1
108500,16,1,2,27,0,19.42919,49,1,1,0,0
173000,71,1,3,34,0,19.75638,111,0,1,0,1
160000,31,1,3,33,0,19.78687,92,0,1,0,1
118000,23,1,2,41,0,20.21546,52,1,0,1,0
156000,71,1,3,23,0,19.64474,97,0,1,0,1
126000.1,14,1,2,34,0,19.98705,62,1,1,0,1
160000,71,1,4,38,0,19.79061,139,0,1,0,1
115000,71,1,2,29,0,20.70068,61,1,1,0,0
87999.97,71,1,1,36,0,20.04236,42,0,1,0,0
224000.1,66,1,3,31,0,20.44215,112,0,1,0,1
167000,66,1,3,51,0,19.40791,104,1,1,0,1
87949.97,17,1,1,27,0,19.68956,47,1,1,0,0
125000,19,1,2,23,0,20.06821,81,1,1,0,1
87999.97,31,1,2,31,0,20.65937,67,0,0,1,0
148500,71,1,3,27,0,20.73908,81,0,1,0,1
164949.9,71,1,3,44,0,20.39712,95,0,1,0,1
165000,66,1,3,29,0,20.73286,113,1,1,0,1
95999.97,66,1,1,35,0,20.79599,64,0,1,0,0
158950,71,1,3,26,0,20.74687,91,0,1,0,1
276999.9,76,1,4,42,0,17.22826,151,0,1,0,1
245000.1,71,1,4,48,0,15.79432,167,0,1,0,1
111000,71,1,2,35,0,16.90924,61,0,0,1,0
150000,65,1,3,27,1,20.26521,80,1,0,0,1
161000,71,1,3,27,0,20.51265,121,0,1,0,1
87749.98,13,1,1,50,0,20.07633,37,1,1,0,0
94999.96,101,1,2,28,0,19.48457,61,0,1,0,0
230000,21,2,4,31,0,20.26172,141,0,1,0,1
153000,6,2,2,42,0,19.60649,72,0,1,0,1
120000,51,1,3,43,0,20.97694,108,0,1,0,1
72999.98,101,1,1,21,1,19.47599,38,0,0,0,1
90000.02,96,1,1,27,0,19.59443,60,0,1,0,0
90999.96,96,1,1,27,0,19.59443,60,0,1,0,0
134000,81,1,3,31,0,20.07059,102,1,1,0,0
148000,69,1,3,49,0,19.60755,111,1,1,0,1
240000,66,1,4,32,0,19.38063,141,0,1,0,1
156000,71,1,3,42,0,18.92305,80,0,1,0,1
97000.04,18,1,2,35,0,18.98735,70,1,1,0,0
134950,101,2,2,29,0,19.02342,90,0,1,0,1
223000,71,1,3,26,0,17.62608,109,1,1,0,1
206999.9,66,2,3,32,0,17.60014,127,0,1,0,1
165950,71,1,3,26,0,18.38497,103,1,1,0,1
215000.1,66,1,3,47,0,23.04861,137,1,1,0,1
144000,71,1,2,26,0,22.57077,97,0,1,0,1
165000,71,1,3,30,0,20.69252,106,0,1,0,1
165000,71,1,3,30,0,20.69252,106,0,1,0,1
168000,71,1,3,32,0,21.95819,102,0,1,0,1
185000,71,1,3,30,0,21.4826,94,0,1,0,1
138500,69,1,2,34,0,22.05457,80,0,1,0,1
132000,71,1,2,26,0,22.04627,80,0,1,0,1
125500,71,1,3,23,0,23.1384,74,0,1,0,1
114950,63,1,2,24,1,23.57381,48,0,0,0,0
177000,71,1,3,29,0,23.80393,91,1,1,0,1
142000,71,1,3,41,0,23.36371,120,0,1,0,1
154950,62,1,3,34,0,23.33934,110,0,1,0,1
146000,49,1,3,22,0,23.48236,107,0,1,0,1
152500.1,51,1,3,37,0,22.31085,104,1,1,0,1
210000,71,1,3,60,0,22.27706,106,1,1,0,1
327500.1,19,2,4,39,0,24.24399,156,0,1,0,1
135000,51,1,2,25,0,25.83376,98,0,1,0,1
218000.1,31,1,3,46,0,25.76334,90,0,1,0,1
191000,66,1,3,32,1,23.56937,119,1,0,0,1
217500,66,1,3,32,0,24.03748,103,0,1,0,1
285000,66,1,3,43,0,23.91102,123,0,1,0,1
142500,66,1,2,34,0,23.28854,69,0,1,0,1
147500,66,1,3,30,0,22.63127,83,1,1,0,1
153000,51,1,3,50,0,22.52385,98,0,1,0,1
155000,51,1,3,32,0,22.52316,99,0,1,0,1
187500,71,1,3,45,0,22.56694,111,0,1,0,1
187500,71,1,3,45,0,22.56694,111,0,1,0,1
185000,71,1,3,31,0,21.57636,85,0,1,0,1
224999.9,66,1,3,36,0,21.82856,113,0,1,0,1
110000,71,1,2,47,0,23.56408,66,0,1,0,0
86999.96,26,1,1,26,0,24.36286,50,0,1,0,0
201000.1,66,1,3,30,0,23.73571,109,1,1,0,1
384999.8,71,2,4,32,0,22.51135,170,0,1,0,1
215000.1,31,2,2,77,0,22.87444,110,0,1,0,0
364999.9,47,1,4,39,0,23.18157,156,0,1,0,1
250000,66,1,3,32,0,23.64227,115,0,1,0,1
224999.9,66,1,3,46,0,23.91897,146,0,1,0,1
219949.9,71,1,3,54,0,23.77423,107,1,1,0,1
269999.9,71,1,3,42,0,21.90897,122,0,1,0,1
425000.1,25,2,4,66,0,22.41463,172,0,1,0,1
222500,66,1,3,28,0,21.06612,133,0,1,0,1
240000,71,2,3,62,0,21.19946,135,1,1,0,1
285000,64,1,3,35,0,21.22715,106,0,1,0,1
124000,51,1,2,27,1,21.61657,66,0,0,0,0
115000,16,1,1,27,1,24.52711,65,1,0,0,1
167000,101,1,2,30,0,25.00005,82,1,1,0,1
120000,51,1,2,41,0,23.973,64,1,1,0,0
144000,26,1,2,46,0,26.32353,74,0,1,0,0
474999.8,71,2,5,31,0,26.6119,212,0,1,0,1
145000,36,1,2,42,0,25.7586,68,0,1,0,0
245000.1,31,1,3,41,0,25.42016,140,0,1,0,1
207500,64,1,3,36,0,18.18199,98,0,1,0,1
189950,66,1,3,27,0,17.41563,115,1,1,0,1
145000,64,1,3,26,0,18.65666,94,1,0,1,1
179999.9,71,1,3,41,1,18.28868,97,0,0,0,1
194000,71,1,3,51,0,17.94524,152,0,1,0,1
179950,68,1,3,37,1,18.26303,93,0,0,0,1
92999.96,101,1,1,26,1,18.735,51,0,0,0,0
294999.9,31,2,2,41,0,19.25376,125,0,1,0,1
165000,63,1,4,39,0,18.73703,112,0,1,0,1
134950,71,1,3,40,0,16.04975,86,1,1,0,1
184950,74,2,3,30,0,15.71975,110,1,1,0,1
103000,13,1,1,34,0,16.06635,47,1,1,0,1
198000,61,1,3,41,0,16.4014,132,1,1,0,1
150000,66,1,3,24,0,16.73176,99,1,1,0,1
197500,71,1,3,32,0,16.6503,116,1,1,0,1
220000,71,2,3,41,0,17.33909,100,1,1,0,1
240000,4,2,2,41,0,17.96827,80,1,1,0,0
119950,34,1,2,23,0,17.21872,68,0,1,0,0
120000,8,1,2,26,0,17.94005,65,1,0,1,0
289999.9,71,1,4,43,0,18.09402,142,1,1,0,1
342500.1,71,2,4,43,0,17.87965,196,0,1,0,1
210000,69,1,3,33,0,17.76182,88,0,1,0,1
165000,71,1,3,38,0,15.86688,114,0,1,0,1
190000,71,1,3,47,0,16.82644,100,0,1,0,1
172000.1,71,1,3,60,0,13.68255,114,1,1,0,1
174000,71,1,3,53,0,15.59961,108,0,1,0,1
245000.1,71,1,3,25,0,15.40758,117,0,1,0,1
79999.97,81,1,1,63,1,14.71043,46,0,0,0,0
167000,3,1,2,31,0,15.48572,65,1,1,0,0
169000,66,1,3,58,0,16.25847,120,0,1,0,1
106000,41,1,2,27,0,16.92054,57,0,1,0,0
107000,66,1,2,35,0,14.79888,71,0,1,0,0
168500,66,1,3,29,0,14.8591,103,0,1,0,1
49995,41,1,1,40,0,12.13709,47,0,1,0,0
64995,71,1,3,42,1,12.12703,100,0,0,0,0
84994.98,101,1,2,31,0,12.73134,75,0,1,0,1
92500.02,101,1,2,25,0,11.77511,78,0,1,0,1
136000,101,1,3,37,0,12.41693,103,0,1,0,1
105000,101,2,3,43,0,12.08467,85,0,1,0,1
126000.1,71,1,3,32,1,14.10941,105,0,0,0,1
143000,63,1,3,25,0,13.63633,102,0,1,0,1
58999.98,71,1,1,21,0,13.11917,56,0,1,0,0
81499.99,71,1,2,34,0,13.44395,70,0,1,0,1
140000,71,2,4,34,0,13.07153,141,0,1,0,1
140000,71,1,3,35,0,13.08715,96,0,1,0,1
69000.01,5,1,2,27,1,12.78696,60,0,0,0,0
53999.98,4,1,1,28,1,12.93727,38,1,0,0,0
135000,101,2,3,28,0,12.38774,114,1,1,0,1
179999.9,71,1,3,33,0,13.20942,113,0,1,0,1
75999.97,41,1,2,29,1,11.74454,64,0,0,0,0
58999.98,11,1,1,39,1,12.2845,44,1,0,0,0
120000,71,1,3,24,0,12.18727,97,0,1,0,1
123000,81,1,3,37,0,13.0532,89,0,1,0,1
114950,91,1,2,43,0,12.13018,72,1,1,0,1
237500,101,1,4,41,0,11.99641,164,1,1,0,1
60000.01,101,1,1,26,0,11.73479,60,1,1,0,0
134500,71,1,3,27,0,11.94665,105,1,1,0,1
199995.1,101,2,4,44,0,12.54747,128,1,1,0,1
76994.97,91,1,1,23,0,12.54595,70,1,1,0,0
268000,102,2,5,36,0,12.41012,204,0,1,0,1
160000,101,1,3,40,0,13.21401,110,0,1,0,1
138500,71,1,3,29,0,13.18593,96,1,1,0,1
148000,101,1,3,36,0,13.18593,114,0,1,0,1
208000,71,1,4,29,0,12.4191,150,1,1,0,1
200000,71,2,3,30,0,12.60616,144,1,1,0,1
147000,61,1,3,30,0,13.28529,102,0,1,0,1
130499.9,71,1,3,29,0,13.69488,85,0,1,0,1
156500,71,1,3,28,0,13.41146,114,1,1,0,1
143000,71,1,3,35,1,12.75244,132,0,0,0,1
145000,71,1,3,35,1,12.75244,132,0,0,0,1
328999.8,71,2,4,44,0,13.58824,187,0,1,0,1
138795,91,1,3,44,0,13.98222,115,1,1,0,1
215000.1,71,1,5,28,0,13.82623,175,0,1,0,1
89995.04,66,1,2,24,0,14.0713,67,0,1,0,0
60000.01,31,1,1,38,0,13.95323,53,0,0,1,0
105000,101,1,3,31,0,14.50152,104,1,1,0,1
129000,101,1,3,42,0,14.94243,101,0,1,0,1
123500,101,1,3,26,0,13.65983,87,0,1,0,1
177000,71,1,3,29,0,14.27655,132,0,1,0,1
104000,101,1,3,31,1,13.98953,88,1,0,0,1
137500,101,1,3,27,0,15.35774,111,0,1,0,1
92999.96,101,1,2,27,0,14.8659,68,1,1,0,0
99999.97,101,1,2,25,0,13.8771,81,0,1,0,1
224999.9,66,1,3,49,0,11.90921,164,1,1,0,1
195000,71,1,3,36,0,13.42203,120,0,1,0,1
160000,71,1,3,37,0,14.0794,101,0,1,0,1
227000,71,2,4,44,0,14.32989,144,1,1,0,1
250000,0,2,4,32,0,14.86075,165,0,1,0,1
93500.02,41,1,2,23,0,16.14536,64,0,1,0,0
116000,51,1,3,46,1,17.29422,95,0,0,0,1
104000,31,1,3,33,0,16.84154,95,0,1,0,1
101000,66,1,2,26,0,16.82917,65,0,1,0,0
169999.9,31,2,4,38,0,13.14569,140,0,1,0,1
130000,81,1,2,34,0,13.51685,60,1,1,0,0
130000,101,1,2,35,0,13.51685,71,1,1,0,0
350000.2,71,1,5,40,0,14.20059,185,0,1,0,1
158000,66,1,3,32,0,13.17403,100,0,1,0,1
179995,71,1,3,30,0,12.69439,102,0,1,0,1
195000,21,1,4,22,0,14.28361,112,0,1,0,1
138000,51,1,3,41,0,14.5729,100,0,1,0,1
130000,71,1,2,37,0,13.91115,77,0,1,0,1
86500.02,71,1,1,27,0,12.86975,58,1,1,0,0
162000,31,1,3,32,0,12.76949,122,0,1,0,1
92500.02,31,1,2,33,0,12.78982,80,1,1,0,0
260000.1,71,1,4,29,0,12.49425,140,0,1,0,1
109000,101,1,2,34,0,11.64685,72,1,1,0,0
149995,101,1,3,30,0,13.22381,72,0,1,0,1
224999.9,101,1,2,27,0,19.25895,101,1,1,0,1
128000,71,1,2,26,0,19.46568,65,1,1,0,0
131000,101,1,1,28,0,19.47247,50,0,1,0,0
125000,111,1,1,25,0,19.65115,54,0,0,1,0
140000,21,1,2,25,0,19.76003,83,0,1,0,0
235000.1,2,2,3,29,0,19.23925,110,1,1,0,1
135000,101,1,2,40,0,18.79189,90,0,1,0,1
210999.9,97,1,3,36,0,18.88728,94,0,1,0,1
234000,81,1,3,33,0,17.85085,84,0,1,0,1
212499.9,101,1,3,30,0,18.54089,100,0,1,0,1
215000.1,101,1,3,32,0,18.51681,110,0,1,0,1
145000,101,2,3,24,0,18.89534,95,0,1,0,1
182500.1,111,1,2,31,0,18.24199,73,0,1,0,1
247999.9,106,1,3,45,0,18.3247,130,0,1,0,1
117000,63,1,2,32,0,18.06077,43,0,1,0,0
150000,4,1,1,25,0,18.46235,83,1,0,1,0
210999.9,71,1,3,28,0,17.64248,97,1,1,0,1
192000,5,1,2,30,0,17.92295,83,1,1,0,0
335000,111,2,4,30,0,17.45655,152,0,1,0,1
135000,66,1,2,38,0,17.79256,65,0,1,0,0
273000,16,2,3,52,0,18.00748,137,0,1,0,1
225999.9,126,1,2,31,0,17.92337,117,0,1,0,1
175000,101,1,2,27,0,17.79185,87,0,1,0,1
191000,101,1,2,32,0,17.67133,98,0,1,0,1
132500,66,1,2,27,1,18.06162,72,0,0,0,0
139949.9,71,1,2,30,0,18.06162,58,1,1,0,1
139949.9,71,1,2,36,0,18.10308,76,0,1,0,0
99999.97,16,1,1,53,0,17.22684,42,0,1,0,0
302000,31,2,4,56,0,17.10178,174,0,1,0,1
128000,61,1,3,52,0,16.61487,77,1,0,1,0
129000,41,1,3,45,0,17.18511,77,0,1,0,0
99999.97,16,1,1,25,0,17.90184,51,1,0,1,1
443499.9,67,1,4,32,0,16.88032,162,0,1,0,1
425000.1,71,1,4,41,0,16.88032,171,1,1,0,1
387499.8,66,1,4,60,0,16.74865,148,0,1,0,1
116949.9,71,1,2,28,1,15.87704,55,0,0,0,0
120000,21,1,1,30,0,17.66208,48,0,1,0,0
97949.98,45,1,2,31,0,18.4619,66,1,1,0,0
235999.9,66,2,3,35,0,17.56005,103,0,1,0,1
175000,89,1,3,35,0,16.13229,99,1,1,0,1
197000,71,1,3,39,0,16.52223,117,0,1,0,1
202500,91,1,3,30,0,16.31944,98,0,1,0,1
105500,71,1,2,29,0,16.67107,60,0,1,0,0
198000,71,2,3,31,0,18.33494,135,0,1,0,1
140000,71,1,3,28,0,18.28956,96,0,1,0,1
193000,66,1,3,37,0,17.89565,108,0,1,0,1
135000,71,1,3,52,0,17.82264,72,0,1,0,1
164949.9,66,2,3,41,0,18.09978,91,0,1,0,1
133000,66,1,2,31,0,18.08342,74,1,1,0,1
101000,11,1,1,31,0,17.8013,52,1,1,0,1
210000,71,1,3,32,0,18.28681,141,0,1,0,1
128500,67,1,2,28,0,17.34223,67,0,1,0,1
149950,33,1,2,33,0,18.42607,84,0,1,0,1
169995.1,66,1,3,31,0,18.65819,86,0,1,0,1
172000.1,66,1,3,31,0,18.88723,81,1,1,0,1
82500.02,81,1,1,25,0,19.26903,33,0,1,0,0
245000.1,70,1,3,31,0,19.04916,97,0,1,0,1
111500,18,1,1,31,0,19.01006,46,1,0,1,0
106000,71,1,2,32,0,18.87106,50,0,1,0,0
148000,31,1,2,34,0,19.6189,74,0,1,0,0
250000,121,1,3,40,0,19.67399,118,0,1,0,1
315000,72,1,4,37,0,19.83919,168,1,1,0,1
207500,66,1,2,30,0,18.84172,96,0,1,0,1
137950,66,1,3,63,0,19.42373,83,0,1,0,1
150000,101,1,2,32,0,19.99694,75,0,1,0,0
120000,21,1,1,57,1,20.04129,34,1,0,0,0
122500,101,1,1,28,0,20.04129,55,0,1,0,0
85000.01,111,1,1,24,0,20.20897,33,1,1,0,0
138000,36,1,2,30,0,20.45449,75,0,1,0,0
125500,126,1,1,28,0,20.42109,55,0,0,1,0
124000,31,1,1,23,0,19.85163,70,0,0,1,0
122000,66,1,1,27,0,19.74087,45,0,1,0,0
86999.96,13,1,2,25,0,21.18789,76,1,1,0,0
136950.1,111,1,2,31,1,21.35113,66,0,0,0,1
136500,101,1,1,31,0,20.93164,45,0,1,0,0
190000,101,1,2,30,0,20.67587,99,0,1,0,1
174949.9,71,1,3,29,0,20.66487,86,0,1,0,1
77000.04,12,1,1,37,0,20.90538,48,1,1,0,0
173000,71,1,3,30,0,20.25116,92,0,1,0,1
125950,51,1,3,41,0,21.76186,100,0,1,0,1
165000,62,1,3,33,0,21.57111,106,0,1,0,1
135000,66,1,3,26,0,21.72297,83,1,1,0,1
139000,101,1,2,26,0,21.54749,88,1,1,0,1
129000,71,1,2,27,0,21.72675,89,0,1,0,1
160000,101,1,3,35,0,22.26743,91,0,1,0,1
130000,112,1,2,27,0,22.26743,66,1,1,0,1
114000,71,1,2,40,0,22.35977,72,0,1,0,0
200000,71,1,5,41,0,22.13304,164,0,1,0,1
99950.01,16,1,1,48,0,21.34201,45,1,0,1,1
135000,71,1,2,22,0,21.4371,60,1,1,0,1
148999.9,21,1,3,23,0,21.37675,88,1,1,0,1
118000,46,1,2,29,0,21.89955,68,0,1,0,0
119000,26,1,2,29,0,21.95717,65,0,1,0,0
107500,41,1,2,29,0,22.07586,77,0,1,0,0
126000.1,71,1,2,26,0,22.55611,65,0,1,0,1
179950,31,1,3,30,0,22.54361,113,0,1,0,1
137000,64,1,3,35,0,22.55783,80,1,1,0,1
172000.1,51,1,3,45,0,23.04731,102,0,1,0,1
142500,71,1,2,31,1,9.86026,86,1,0,0,0
99999.97,91,1,1,32,0,9.858586,37,0,1,0,0
205000,121,1,2,30,0,9.770004,88,0,1,0,0
224999.9,101,1,2,29,0,10.23919,76,0,1,0,0
59950.02,81,1,2,38,1,10.6747,55,0,0,0,0
362499.8,93,2,4,33,0,10.39439,152,0,1,0,1
178000,101,1,2,32,0,10.39439,70,0,1,0,0
107000,71,1,1,25,0,10.47278,63,0,1,0,0
450000.1,81,1,4,32,0,9.686282,216,0,1,0,1
345000.1,71,1,3,36,1,10.29773,160,0,0,0,1
201000.1,71,1,3,35,1,9.679453,100,0,0,0,0
205000,51,1,2,32,0,8.694372,70,0,1,0,0
499999.8,76,2,4,39,0,8.650444,180,0,1,0,1
150000,91,1,1,32,0,9.466202,50,0,1,0,0
175000,101,1,2,32,0,9.574386,60,0,1,0,0
409999.8,71,1,4,38,0,9.074335,155,0,1,0,1
389499.8,53,2,3,33,0,8.781683,153,0,1,0,1
260000.1,151,1,2,39,0,3.306117,63,0,1,0,0
244000,201,1,2,39,0,2.895702,90,0,1,0,0
79999.97,9,1,1,27,0,12.97648,45,1,1,0,0
153000,16,1,3,47,0,12.52926,84,0,1,0,1
94949.97,27,1,1,31,0,10.99959,60,0,1,0,0
125000,101,1,2,34,0,11.17999,72,0,1,0,0
99999.97,18,1,2,35,0,11.3472,63,1,1,0,0
140000,151,1,1,31,0,3.27472,42,0,1,0,0
140000,17,1,1,33,0,3.259067,46,0,0,1,0
269999.9,71,1,3,49,0,12.26969,134,0,1,0,1
172000.1,71,1,3,34,0,12.111,105,0,1,0,1
122000,36,1,2,35,0,13.22392,79,1,0,1,0
123000,101,1,1,28,0,12.7544,49,0,1,0,0
119950,76,1,1,29,0,13.35999,59,0,1,0,0
285000,76,1,3,51,0,12.29951,142,0,1,0,1
158000,201,1,1,31,0,2.947998,53,0,1,0,0
132000,91,1,2,29,1,12.45846,70,0,0,0,0
123000,101,1,3,30,0,11.58243,66,0,1,0,0
200000,71,1,3,40,0,12.72753,140,0,1,0,1
179250,101,1,2,29,0,11.98538,96,0,1,0,0
165000,76,1,3,40,0,10.9278,105,0,1,0,1
155000,71,1,3,38,1,12.08828,108,0,0,0,1
162000,71,1,3,28,0,11.9146,98,1,1,0,1
120000,91,1,1,49,0,11.80254,64,0,1,0,0
125000,96,1,2,25,0,12.14194,76,1,1,0,0
108000,71,1,1,28,0,11.77387,60,0,1,0,0
118000,101,1,1,30,0,11.80858,63,0,1,0,0
145000,71,1,3,30,0,10.65416,90,0,1,0,1
135000,91,1,3,33,1,11.01574,96,0,0,0,1
144000,111,1,1,28,0,3.098047,50,0,1,0,0
215000.1,121,1,2,26,0,3.266791,78,0,1,0,0
160000,71,3,3,31,0,13.56746,98,0,1,0,1
276999.9,71,1,4,63,0,14.04924,178,0,1,0,1
128000,6,1,2,66,0,13.16627,63,1,0,1,0
240000,66,1,3,43,0,13.86517,118,0,1,0,1
85000.01,101,1,3,74,0,3.797882,88,0,1,0,1
129950,131,1,2,51,0,3.549266,70,0,1,0,0
260000.1,141,1,3,31,0,3.759633,100,0,1,0,1
129950,101,1,2,35,0,7.682512,70,0,1,0,0
138000,101,1,3,34,0,7.95408,87,0,1,0,1
68000.01,101,1,1,31,1,7.941586,60,0,0,0,0
129950,101,1,2,34,0,8.019701,91,0,1,0,1
137000,101,1,2,31,0,7.737293,96,0,1,0,1
289999.9,101,1,3,51,0,5.817233,121,0,1,0,1
245000.1,111,1,2,30,0,5.226633,84,1,0,1,0
190000,101,1,2,30,0,5.862656,104,0,1,0,0
124950,111,1,2,37,0,5.799596,56,0,1,0,0
130000,101,1,2,26,0,7.041834,126,0,1,0,1
110000,101,1,2,43,0,5.740705,50,0,1,0,0
121500,6,1,1,25,0,5.714958,51,0,1,0,0
247999.9,131,2,2,31,0,4.974106,181,0,1,0,1
129950,101,1,1,31,0,4.674741,52,0,1,0,0
139000,111,1,1,28,0,4.628057,42,0,1,0,0
132000,21,1,3,29,0,2.208308,106,0,1,0,0
164000,101,1,3,32,0,8.519759,140,0,1,0,1
83000.03,101,1,2,32,0,8.935682,67,0,1,0,0
124000,71,1,3,24,0,9.978042,105,0,1,0,1
384999.8,141,1,2,33,0,2.694779,130,0,1,0,1
360000.1,71,2,2,29,0,1.987285,110,1,1,0,0
62995.01,81,1,1,79,0,10.70452,48,0,1,0,0
113000,101,1,2,39,0,11.46358,98,0,1,0,1
649950.3,151,3,4,38,0,2.3323,225,0,1,0,1
577499.8,171,2,4,33,0,2.355104,160,0,1,0,1
155000,36,1,2,34,0,2.826536,85,0,1,0,0
125000,31,1,3,39,0,6.693792,107,0,1,0,0
120000,111,1,2,48,0,6.631928,59,0,1,0,0
276000,111,2,3,49,0,6.21186,124,0,1,0,1
179999.9,106,1,2,35,0,6.03301,83,0,1,0,0
118000,31,1,2,28,0,6.086194,73,0,1,0,0
121000,31,1,1,50,0,5.975962,37,0,1,0,0
116000,25,1,2,24,0,6.747235,66,0,1,0,0
137000,111,1,1,28,0,6.172204,51,0,1,0,0
160000,41,1,2,26,0,2.88549,88,0,1,0,0
144000,121,1,1,28,0,13.80638,76,0,1,0,1
213000.1,71,1,3,48,0,13.98226,112,0,1,0,1
122500,101,1,2,27,0,13.84547,80,0,1,0,0
108000,71,1,2,41,0,12.9701,68,0,1,0,0
145000,71,1,2,32,0,13.78689,75,0,1,0,0
335000,72,1,3,35,0,10.42062,150,0,1,0,1
140000,101,1,3,51,0,14.49764,93,0,1,0,0
630000.3,71,3,5,36,0,14.34535,232,0,1,0,1
132500,91,1,2,28,0,14.0868,76,1,1,0,0
121000,3,1,2,26,0,14.9509,55,1,0,1,0
335000,71,2,4,38,0,13.87426,145,0,1,0,1
160000,71,1,3,37,0,12.6166,84,0,1,0,1
217500,66,1,3,29,0,13.00077,116,1,1,0,1
249995,101,1,3,29,0,12.62521,128,0,1,0,1
132000,101,1,1,30,0,12.69262,55,0,1,0,0
155000,43,1,2,28,0,13.3755,64,0,1,0,0
142000,101,1,1,34,0,13.29427,55,1,1,0,0
107500,81,1,2,30,0,9.595343,75,0,1,0,0
102878,96,1,3,23,0,9.267787,70,0,1,0,0
102000,101,1,2,25,0,8.960431,66,0,1,0,0
178000,101,1,2,27,0,9.972525,81,0,1,0,0
235999.9,101,1,3,34,0,9.734094,122,0,1,0,1
407500,91,2,5,43,0,10.1304,175,0,1,0,1
132000,101,1,2,35,0,10.72578,72,0,1,0,0
130000,5,1,2,37,0,11.0537,56,0,0,1,0
364999.9,101,1,6,38,0,10.15585,175,0,1,0,1
118000,111,1,1,28,1,9.924553,55,0,0,0,0
137000,11,1,2,26,0,12.56554,73,0,1,0,0
249000,71,1,3,49,0,12.75319,126,0,1,0,1
168000,71,1,3,27,0,11.90809,90,0,1,0,0
110000,101,1,2,32,0,7.215478,78,0,0,1,0
79999.97,101,1,1,39,0,6.899197,62,0,1,0,0
130000,101,1,3,32,0,7.525894,85,0,1,0,0
199999.1,106,2,2,32,0,5.634697,100,0,1,0,0
167000,21,2,2,27,0,5.619417,73,1,1,0,0
150000,111,1,2,26,0,6.100832,61,0,1,0,0
135000,106,1,1,27,0,5.233025,55,0,1,0,0
159950,121,1,2,29,0,6.60349,97,0,1,0,0
245000.1,106,2,2,31,0,6.472017,176,1,1,0,1
122000,21,1,1,31,0,6.684366,57,1,1,0,0
150000,111,1,2,29,0,6.514512,80,0,1,0,0
354999.9,101,2,4,44,0,6.496964,175,0,1,0,1
350000.2,91,2,3,39,0,7.151246,179,0,1,0,0
163000.1,101,1,2,31,0,6.506806,60,0,1,0,0
330000.1,111,1,4,33,0,6.781463,152,0,1,0,1
240000,111,1,2,59,0,4.821911,110,0,1,0,0
179999.9,141,1,1,32,0,4.251517,52,0,1,0,0
249500.1,116,1,2,35,0,3.982133,93,0,1,0,0
139949.9,121,1,1,31,0,4.004839,76,0,1,0,0
167000,111,1,1,26,0,4.658931,59,0,1,0,0
135000,111,1,1,25,0,4.658931,50,0,1,0,0
205000,111,1,2,33,0,4.555084,97,0,1,0,0
215000.1,101,1,1,28,0,8.206618,85,1,1,0,0
185000,111,1,2,30,0,8.392914,65,0,1,0,0
147000,111,1,1,34,0,7.506849,44,0,1,0,0
165000,71,1,2,46,1,7.490913,62,0,0,0,0
176500.1,51,1,2,33,0,7.39697,75,0,1,0,0
189500,101,1,2,38,0,7.508334,74,0,1,0,0
425000.1,76,1,3,35,0,8.133396,130,0,1,0,1
240000,121,1,2,27,0,8.198237,87,0,1,0,0
363500,111,1,3,33,0,7.805195,118,0,1,0,1
104130,81,1,1,33,0,7.173458,30,1,1,0,0
195000,111,1,1,32,0,5.623795,60,0,1,0,0
560000,101,1,4,41,0,4.907198,192,0,1,0,1
120000,111,1,2,30,0,5.007394,54,0,1,0,0
122000,111,1,1,27,0,5.732536,50,0,1,0,0
145000,101,1,1,29,0,5.54809,48,0,1,0,0
223000,111,1,3,35,0,5.780807,95,0,1,0,0
221500,111,1,3,35,0,5.780807,95,0,1,0,0
169999.9,121,1,2,26,0,4.940012,62,0,1,0,0
102000,11,1,1,48,0,3.906756,41,0,0,1,0
110000,101,1,2,25,0,7.705941,72,0,1,0,0
116000,101,1,2,28,0,7.676549,62,0,1,0,0
229995,101,2,4,42,0,7.779058,143,0,1,0,1
219995,101,1,3,28,0,8.462172,98,0,1,0,1
160000,101,1,2,28,0,8.267203,60,0,1,0,0
524999.8,96,2,5,38,0,8.91712,225,0,1,0,1
174000,101,1,3,29,0,8.443578,83,0,1,0,0
175000,101,1,2,30,0,8.693666,79,0,1,0,0
176000,101,1,2,38,0,8.693666,70,0,1,0,0
370000.1,91,1,3,50,0,8.696119,141,0,1,0,1
162000,31,1,2,31,0,7.567933,72,1,1,0,0
113000,51,1,1,56,0,7.544536,45,0,1,0,0
269999.9,101,1,1,31,0,7.771925,91,0,1,0,0
235000.1,101,1,2,39,0,7.684318,77,0,1,0,0
340000,101,1,3,48,1,8.344053,144,0,0,0,1
132000,101,1,1,28,0,7.88348,66,0,1,0,0
122000,101,1,1,37,1,7.449797,60,0,0,0,0
154000,61,1,2,31,0,7.449797,62,0,1,0,0
154000,61,1,2,31,0,7.449797,62,0,1,0,0
169999.9,101,1,2,31,0,7.905623,76,0,1,0,0
360000.1,31,1,3,48,0,7.46741,250,1,1,0,1
312000.1,101,1,3,44,0,7.604039,119,0,1,0,1
200000,101,2,2,39,0,7.336051,83,0,1,0,0
162000,101,1,1,32,0,7.336051,70,0,1,0,0
225100,101,1,2,29,0,7.349075,83,0,1,0,0
145000,111,1,1,31,0,7.402798,70,0,1,0,0
215000.1,91,1,2,30,0,7.849065,93,0,1,0,0
128000,102,1,1,46,0,7.459258,58,0,1,0,0
155000,71,1,3,29,0,11.95273,116,1,1,0,1
115000,101,1,3,23,0,13.28681,95,0,1,0,1
140000,71,1,3,40,0,14.37173,117,1,1,0,1
128000,101,1,3,45,0,14.36281,77,0,1,0,1
66999.99,101,1,1,34,0,13.38989,51,0,1,0,0
105000,101,1,2,45,0,13.16325,105,0,1,0,1
68000.01,16,1,1,33,0,13.14363,31,1,0,1,0
120000,101,1,3,55,0,11.30704,89,0,1,0,0
364999.9,101,1,3,31,0,9.636662,148,0,1,0,1
169000,91,1,2,29,0,10.0003,56,0,1,0,0
224999.9,91,1,3,37,0,9.963183,117,0,1,0,1
103500,101,1,1,27,0,11.49637,48,0,1,0,0
115000,17,1,1,30,0,13.52403,55,1,1,0,0
75000.02,16,1,1,23,0,13.64126,33,1,0,1,0
91749.99,101,1,1,31,0,11.87071,55,0,1,0,0
113000,101,1,2,32,0,11.83913,76,0,1,0,0
166000,91,1,3,38,0,11.62029,124,0,1,0,1
340000,121,1,3,26,0,4.632516,88,0,1,0,1
210000,20,1,2,28,0,9.439763,88,1,1,0,0
125000,20,1,1,31,0,4.061909,42,1,0,1,0
140000,141,1,1,27,1,4.042501,58,0,0,0,0
112000,31,1,1,30,0,3.871797,51,0,1,0,0
110000,31,1,1,32,0,4.231275,53,0,1,0,0
469999.9,101,2,3,50,0,5.049794,150,0,1,0,0
330000.1,71,1,3,19,0,5.297706,108,0,1,0,0
135000,71,1,1,43,0,5.297706,34,0,1,0,0
212000,12,1,1,43,0,4.335903,58,1,1,0,0
245000.1,141,1,1,30,0,4.52277,76,0,1,0,0
215000.1,66,1,3,35,0,10.55454,111,0,1,0,1
99999.97,66,1,1,29,0,10.35768,50,0,1,0,0
526999.8,101,1,4,35,0,9.048965,185,0,1,0,1
168000,89,1,2,31,0,10.68155,70,0,1,0,0
162000,121,1,2,31,1,10.28683,77,0,0,0,0
237500,111,1,3,30,0,10.494,133,0,1,0,1
129000,101,1,1,26,0,10.07438,72,0,1,0,0
168000,121,1,2,30,0,10.36879,73,0,1,0,0
116000,71,1,2,42,0,12.18191,58,0,1,0,0
137000,41,1,2,28,0,6.021091,70,0,1,0,0
195000,121,1,2,34,0,6.876719,66,0,1,0,0
205999.9,121,1,2,34,0,6.876719,66,0,1,0,0
150000,121,1,1,32,1,6.834481,44,0,0,0,0
250000,101,1,2,27,0,5.835598,67,0,1,0,0
285000,131,1,2,31,0,6.44617,72,0,1,0,0
350000.2,101,2,3,27,0,6.623707,107,0,1,0,0
105000,71,1,1,35,1,6.550507,34,0,0,0,0
220000,131,1,1,34,0,7.078769,50,0,1,0,0
212000,12,2,2,74,0,12.68813,88,0,1,0,0
183000.1,101,2,4,28,0,12.1882,108,0,1,0,0
150000,71,1,2,58,0,12.41996,80,0,1,0,0
150000,71,1,2,26,0,11.82981,81,0,1,0,0
322500.2,16,2,4,31,0,12.58001,208,0,1,0,1
299950,96,1,3,46,0,6.464903,130,0,1,0,0
269999.9,71,1,3,57,0,6.736606,90,0,1,0,0
115000,19,1,1,26,0,6.087671,45,0,1,0,0
136000,71,1,1,29,0,5.019847,50,0,1,0,0
265000,111,1,3,44,0,5.304286,109,0,1,0,0
249950,111,1,3,27,0,5.888389,101,0,1,0,0
150000,101,1,1,31,0,8.325225,40,0,0,1,0
384999.8,101,2,3,39,0,8.169009,150,0,1,0,0
485000.2,101,2,3,33,0,8.19039,165,0,1,0,1
268000,91,1,2,40,0,8.433171,72,0,1,0,0
205000,111,1,2,27,0,8.284596,83,0,1,0,0
249899.9,111,1,2,26,0,8.826859,84,0,1,0,0
417000.1,121,2,3,27,0,8.14638,140,0,1,0,0
249950,101,1,2,29,0,7.436029,70,0,1,0,0
195950,111,1,2,33,0,8.013483,68,0,1,0,0
199950.1,111,1,2,32,0,8.077302,103,0,1,0,0
182500.1,111,1,2,48,0,9.243455,92,0,1,0,0
428000.2,101,1,3,34,0,8.677806,146,0,1,0,1
199950.1,101,1,2,25,0,8.624648,106,0,1,0,0
185000,101,1,2,33,0,8.267776,57,0,1,0,0
325000.1,36,2,4,39,0,9.315848,50,0,1,0,1
249950,91,1,2,42,0,9.035192,98,1,1,0,0
153000,111,1,1,34,0,8.183979,64,0,1,0,0
145000,101,1,1,23,0,9.336024,60,0,1,0,0
169999.9,62,1,3,30,0,15.4913,112,1,1,0,1
210000,9,1,2,25,0,16.02892,71,1,1,0,0
275000.1,66,1,3,30,0,16.3751,112,0,1,0,1
275000.1,66,1,3,30,0,16.3751,112,0,1,0,1
325000.1,26,2,2,31,1,6.540733,95,0,0,0,0
370000.1,36,1,2,25,0,6.540733,90,0,1,0,0
302999.8,71,1,1,31,1,5.604929,74,0,0,0,0
115000,71,1,2,37,0,14.46254,68,0,1,0,0
102500,11,1,2,33,0,14.61485,41,1,0,1,0
104000,71,1,1,30,1,14.59308,50,1,0,0,1
142000,11,1,2,27,0,14.35978,82,1,1,0,1
162000,66,1,3,42,0,13.46422,120,0,1,0,1
85999.99,11,1,1,24,0,13.48187,39,1,0,1,0
80500.03,66,1,1,57,1,13.73122,62,0,0,0,0
169999.9,66,1,3,37,0,12.35278,85,1,1,0,1
182000,71,1,3,46,0,12.48359,116,0,1,0,1
127000,12,1,4,28,0,13.66294,67,1,1,0,1
148000,11,1,3,29,0,13.5473,88,1,1,0,1
97999.98,11,1,1,39,0,13.5473,54,1,1,0,1
186000,71,1,3,28,0,13.66192,117,0,1,0,1
160000,66,1,3,41,0,13.9936,102,0,1,0,1
220000,66,1,3,62,0,15.02244,120,0,1,0,1
103000,71,1,3,27,0,17.73941,84,1,1,0,1
85999.99,91,1,4,36,1,18.10848,110,0,0,0,1
112000,51,1,3,37,0,18.42634,84,0,0,1,1
55000.01,51,1,2,43,1,18.65889,63,0,0,0,0
55000.01,51,1,2,43,1,18.65889,63,0,0,0,0
90999.96,71,1,3,39,0,17.42731,108,0,1,0,1
86999.96,71,1,3,26,0,17.22929,94,1,1,0,1
91999.97,71,1,2,25,0,17.10588,93,0,1,0,1
72499.97,71,1,2,46,0,16.81722,91,0,1,0,1
114000,66,1,3,38,0,20.83148,100,1,1,0,1
138000,71,1,3,42,0,21.0111,106,1,1,0,1
133500,71,1,3,30,1,21.74052,101,0,0,0,1
66500.02,31,1,2,41,0,22.18565,74,0,0,1,0
125000,66,1,3,29,0,22.17272,90,0,1,0,1
112500,71,1,3,36,0,23.06246,85,0,1,0,1
120000,71,1,3,31,0,23.43982,86,0,1,0,1
97000.04,31,1,3,48,1,23.55394,125,0,0,0,1
210000,104,2,3,39,0,23.16995,161,0,1,0,1
138000,41,1,3,55,0,21.50806,88,1,1,0,1
127500,71,1,3,33,0,21.75858,98,0,1,0,1
150000,51,1,3,50,0,20.23257,120,1,1,0,1
137750,71,1,3,29,0,20.20567,96,1,1,0,1
103000,71,1,3,40,0,20.78883,82,1,1,0,1
105000,63,1,3,30,0,20.62028,103,0,1,0,1
79995.02,7,1,1,26,0,21.9506,50,1,0,1,0
134995,16,1,3,52,0,21.02738,87,0,1,0,1
54500.02,12,1,1,25,1,20.0037,35,0,0,0,0
114995,111,1,2,53,0,20.38127,100,0,1,0,1
108500,101,1,2,43,0,20.40654,89,0,1,0,1
111000,111,1,3,25,0,20.58788,93,1,1,0,1
179999.9,101,1,3,31,0,20.98325,139,1,1,0,1
123000,46,1,3,29,0,19.10366,94,0,1,0,1
75000.02,41,1,2,23,0,20.11905,84,0,1,0,0
140000,51,1,3,45,0,19.70091,110,0,1,0,1
140000,51,1,3,45,0,19.70091,110,0,1,0,1
120000,46,1,3,44,0,19.38903,91,0,1,0,1
115000,66,1,3,54,0,19.39223,96,1,1,0,1
99000.02,71,1,2,25,0,18.43397,79,0,1,0,1
91499.99,66,1,3,42,0,20.02027,81,0,1,0,1
114995,37,1,3,25,0,20.46342,88,1,1,0,1
108000,22,1,3,42,0,21.01728,101,0,1,0,1
75000.02,36,1,2,36,0,21.04734,77,0,1,0,0
138000,26,1,3,59,0,21.25116,115,0,1,0,1
85000.01,111,1,2,24,0,19.83353,80,0,1,0,1
135000,91,1,3,35,0,20.62532,118,1,1,0,1
280000.1,53,1,3,37,0,24.6621,132,0,1,0,1
160000,32,1,3,59,0,25.60468,114,0,1,0,1
94999.96,51,1,2,25,1,25.94553,80,0,0,0,1
159500,44,1,3,27,0,25.07399,107,0,1,0,1
172000.1,61,1,4,29,0,25.16422,132,0,1,0,1
249995,46,2,3,55,0,23.69189,120,0,1,0,1
92999.96,71,1,2,32,1,23.21956,75,0,0,0,0
112500,66,1,3,28,0,23.13659,92,0,1,0,1
215999.9,55,1,3,36,0,24.39136,146,0,1,0,1
170999.9,76,1,3,34,0,24.54282,103,1,1,0,1
115000,46,1,3,32,0,21.19472,88,0,1,0,1
158500,63,1,3,35,0,20.69759,94,1,1,0,1
128500,66,1,3,30,0,19.80754,90,1,1,0,1
245000.1,71,1,3,27,0,22.00843,100,0,1,0,1
125000,66,1,3,30,0,22.89047,100,1,1,0,1
113000,31,1,2,37,0,24.14821,108,1,1,0,1
139000,51,1,3,49,0,24.40446,108,0,1,0,1
118000,6,1,2,24,0,23.35548,68,1,1,0,1
73749.98,9,1,1,38,0,23.31089,55,1,0,1,0
125000,11,1,3,34,0,23.31089,101,0,1,0,1
67499.98,41,1,2,40,0,22.72683,90,0,1,0,0
110000,22,1,3,29,0,22.48871,95,0,1,0,1
107995,46,1,3,30,0,22.67393,103,1,1,0,1
78000.02,46,1,2,26,0,23.5944,79,1,1,0,1
86994.98,46,1,3,30,0,23.57766,90,0,1,0,1
86999.96,46,1,3,24,0,23.57766,90,0,1,0,1
115000,26,1,3,27,0,22.9279,95,0,1,0,1
80999.98,51,1,3,36,1,23.52924,105,0,0,0,1
79999.97,51,1,3,36,1,23.52924,105,0,0,0,1
83499.97,46,1,2,32,0,23.6639,81,1,0,1,1
120000,51,1,3,39,0,23.84185,118,0,1,0,1
91999.97,46,1,3,31,0,25.11875,100,0,1,0,1
75000.02,46,1,2,22,1,24.15193,85,0,0,0,1
57500.01,31,1,2,31,0,19.91492,84,0,1,0,0
93999.98,31,1,3,37,0,19.80268,101,0,1,0,1
107000,41,1,3,53,0,20.1943,87,0,1,0,1
99995.01,66,1,3,27,0,20.56963,80,1,1,0,1
123000,71,1,3,39,0,16.24241,113,0,1,0,1
74000.02,13,1,2,24,1,16.33032,55,1,0,0,0
77000.04,8,1,2,26,0,15.97779,54,1,1,0,0
110000,7,1,2,29,0,15.92381,77,1,1,0,1
72999.98,11,1,2,36,1,15.67553,60,0,0,0,0
86999.96,16,1,2,24,1,15.87666,58,0,0,0,1
65000.02,15,1,1,32,0,15.98168,47,1,1,0,0
119000,71,1,3,25,0,16.42384,101,0,1,0,1
141000,71,1,3,27,0,17.66565,96,0,1,0,1
131000,101,2,3,36,0,17.44883,130,1,1,0,1
114000,101,1,2,54,0,16.64067,85,0,1,0,1
118000,71,1,3,30,0,17.40009,79,1,1,0,1
130000,46,1,3,35,0,19.30534,99,0,1,0,1
63499.99,16,1,2,24,1,17.84001,70,0,0,0,0
111000,66,1,3,27,0,17.83864,102,1,1,0,1
92999.96,111,1,2,28,0,19.16157,91,0,1,0,1
99995.01,35,2,3,41,0,19.39881,129,0,1,0,1
135000,76,1,3,40,1,19.09217,114,1,0,0,1
94999.96,101,1,2,24,0,19.59765,80,0,1,0,1
110000,101,1,3,45,0,19.06982,102,0,1,0,1
55000.01,13,1,1,24,1,18.82597,46,0,0,0,0
99999.97,71,1,3,36,0,19.19699,100,1,1,0,1
99999.97,41,1,3,30,0,19.13419,88,0,1,0,1
115000,101,1,3,28,0,18.98738,107,0,1,0,1
119995,71,1,3,24,0,18.56445,90,0,1,0,1
55000.01,51,1,2,30,0,17.38909,80,0,0,1,0
99999.97,71,1,3,56,0,17.43847,100,0,1,0,1
90999.96,71,1,3,38,0,15.89888,91,0,1,0,1
118000,13,1,3,31,0,15.97481,98,0,1,0,1
109000,16,1,3,35,0,16.10356,80,1,1,0,1
75000.02,71,1,2,27,0,14.73123,74,0,1,0,1
75000.02,71,1,2,24,0,15.34291,74,0,1,0,1
81999.97,51,1,2,45,0,15.38442,110,1,1,0,1
86999.96,51,1,2,28,0,14.96471,88,1,1,0,1
77994.96,71,1,2,45,0,16.3656,85,0,1,0,1
81999.97,71,1,3,36,0,15.36326,78,0,1,0,1
59994.97,11,1,2,21,1,16.0735,53,1,0,0,0
269950,101,1,3,31,0,7.676516,118,0,1,0,1
215000.1,101,1,2,56,0,7.670698,100,0,1,0,1
210000,65,1,3,35,0,7.380271,91,0,1,0,0
115000,31,1,2,38,0,7.247146,70,1,1,0,1
179999.9,11,1,2,25,0,6.588581,55,0,1,0,0
105000,9,1,1,27,0,6.641239,45,1,1,0,0
425000.1,163,2,3,38,0,6.917193,160,0,1,0,1
370000.1,131,1,3,36,0,6.626087,143,0,1,0,1
368749.9,131,1,3,36,0,6.626087,143,0,1,0,1
237500,101,1,1,25,1,7.078005,85,0,0,0,0
165000,31,1,3,34,0,6.901606,98,0,1,0,1
245000.1,101,1,3,32,0,7.220226,127,0,1,0,1
154000,41,1,1,38,0,2.605235,46,1,1,0,0
220000,101,1,3,34,0,2.442686,106,0,1,0,0
82500.02,31,1,4,42,0,3.106434,90,0,1,0,0
74000.02,21,1,1,31,0,12.10426,50,1,1,0,0
111950,71,1,3,29,0,12.03889,93,0,1,0,1
107000,111,1,2,25,0,10.59815,58,1,1,0,0
81999.97,15,1,1,42,0,10.736,46,1,1,0,0
81999.97,16,1,1,29,0,10.736,46,1,1,0,0
109000,101,1,2,32,0,10.48428,85,1,1,0,0
130000,111,1,2,32,0,10.46582,100,0,1,0,1
97999.98,71,1,1,42,0,9.935534,58,0,1,0,0
187500,71,1,3,30,0,9.893634,115,0,1,0,1
113000,121,1,1,41,0,9.813749,70,0,1,0,0
120000,41,1,3,26,0,9.87818,95,0,1,0,1
60000.01,41,1,1,29,1,9.712622,65,0,0,0,0
215000.1,66,1,4,36,0,9.687231,152,0,1,0,1
126500,111,1,2,27,0,9.354972,60,0,1,0,0
112000,101,1,2,27,0,9.232621,71,0,1,0,0
155000,71,1,3,53,0,10.41983,101,0,1,0,1
99999.97,51,1,3,40,0,12.74605,96,0,1,0,1
112000,66,1,3,23,0,12.48383,97,1,1,0,1
117500,8,1,2,36,0,12.12277,71,1,1,0,1
87500.04,71,1,2,30,0,12.16074,60,0,1,0,0
240000,121,1,2,42,0,8.611763,106,0,1,0,0
92999.96,101,1,1,29,0,8.984043,50,0,1,0,0
145000,101,1,2,37,0,9.123937,97,0,1,0,1
84500.03,111,1,1,27,0,8.710038,54,0,1,0,0
120000,101,1,1,29,0,8.839611,64,0,1,0,0
250000,101,1,5,37,0,9.013603,131,0,1,0,1
250000,101,1,4,35,0,9.154431,125,0,1,0,1
127000,121,1,2,40,0,8.643425,61,1,1,0,0
122950,111,1,1,32,0,8.643425,56,1,1,0,0
70950.03,101,1,1,38,0,8.759082,47,1,1,0,0
105000,41,1,2,36,0,9.009549,76,0,1,0,0
99000.02,101,1,2,31,0,8.749365,73,0,1,0,0
112500,101,1,2,28,0,8.952221,71,0,1,0,0
158000,101,1,3,35,0,7.693252,128,0,1,0,1
187500,111,1,2,28,0,7.779532,63,0,1,0,0
160000,101,1,2,26,0,7.59112,90,0,1,0,0
112000,41,1,3,60,1,6.860019,90,0,0,0,1
247000,121,1,3,53,0,7.119512,144,0,1,0,1
142000,141,1,1,33,0,2.121104,47,0,1,0,0
99999.97,21,1,2,28,0,4.551379,73,1,1,0,1
165000,101,1,3,43,0,4.693052,127,0,1,0,1
113000,101,1,2,28,0,5.241033,65,0,1,0,1
104000,101,1,1,28,0,5.862184,37,0,1,0,0
137500,75,1,2,27,1,5.505119,75,0,0,0,0
115000,101,1,2,33,0,4.887146,73,0,1,0,0
132500,101,1,2,26,0,5.470965,70,0,1,0,0
126000.1,101,1,2,28,0,5.741362,56,0,1,0,0
97000.04,9,1,2,30,1,4.304197,60,0,0,0,0
88499.98,101,1,1,37,0,5.56282,52,0,1,0,0
75999.97,81,1,2,55,0,5.968249,83,0,1,0,0
150000,105,1,1,31,0,2.268339,56,1,1,0,0
102500,16,1,1,27,0,2.268339,53,1,0,1,0
79999.97,31,1,2,31,0,5.413746,85,0,0,1,0
95999.97,121,1,2,42,0,5.295051,97,1,1,0,0
74950.03,6,1,1,27,0,4.90451,61,0,1,0,0
167000,101,2,3,43,0,6.063488,146,0,1,0,1
85000.01,101,1,1,29,0,6.191506,73,0,1,0,0
119500,111,1,2,27,0,6.313494,73,0,1,0,0
138000,121,1,2,29,0,5.545919,90,0,1,0,0
138000,5,1,2,51,0,5.570043,65,0,1,0,0
103000,15,1,2,34,0,5.517314,76,1,1,0,1
155000,101,1,2,28,0,5.720992,125,0,1,0,1
289999.9,101,2,4,31,0,5.468738,149,0,1,0,1
230994.9,101,1,3,42,0,5.408373,140,0,1,0,1
250000,101,2,4,35,0,5.635934,165,0,1,0,1
148610,101,1,2,27,0,5.740854,81,0,1,0,0
111500,11,1,2,30,0,5.525438,78,1,1,0,0
59950.02,66,1,3,29,0,5.489119,106,1,1,0,1
90000.02,21,1,1,28,1,2.861197,41,1,0,0,0
85000.01,11,1,1,32,0,3.416842,54,1,0,1,0
86999.96,7,1,1,24,0,3.379194,40,1,0,1,0
165000,5,1,3,31,0,3.480935,74,1,1,0,1
94999.96,41,1,2,37,0,2.433398,58,0,1,0,0
73500.02,41,1,1,38,0,2.663453,53,0,1,0,0
245000.1,101,2,2,28,0,2.680781,100,0,1,0,0
130000,101,1,1,30,0,2.779085,53,0,1,0,0
117000,15,1,1,31,0,3.06574,52,1,0,1,0
115000,101,1,1,40,0,2.757814,57,0,1,0,0
122500,71,1,1,30,0,3.260459,55,0,1,0,0
250000,81,1,1,38,0,2.25908,50,1,0,1,0
158500,31,1,3,56,0,2.062674,75,0,1,0,0
89995.04,101,1,2,30,0,12.4523,89,0,1,0,1
87500.04,71,1,2,35,0,13.01643,92,0,1,0,1
49000.01,101,1,1,19,1,13.21853,61,0,0,0,0
63000,101,1,1,27,0,13.37861,51,0,1,0,0
95995.02,101,1,2,30,0,12.90962,93,0,1,0,1
92999.96,101,1,3,24,0,12.86174,98,0,1,0,1
103500,101,1,2,34,0,12.78546,111,0,1,0,1
59500,101,1,1,53,1,12.60118,71,0,0,0,0
91999.97,101,1,2,32,0,13.09855,89,0,1,0,1
113000,71,1,3,29,0,13.22927,102,0,1,0,1
87500.04,101,1,2,29,0,13.25236,107,0,1,0,1
112995,91,1,3,36,0,12.92706,107,0,1,0,1
89599.99,31,1,2,25,0,11.98139,65,0,1,0,0
126000.1,91,1,2,49,0,11.36501,102,0,1,0,1
165000,16,1,3,47,0,11.35219,117,1,1,0,1
110000,141,1,1,39,0,10.90587,48,1,1,0,0
103000,101,1,3,31,0,11.58438,100,0,1,0,1
69995.02,9,1,2,30,0,11.6542,78,1,1,0,0
81999.97,31,1,2,29,0,11.74075,90,0,1,0,1
63000,101,1,2,29,0,12.07994,75,0,1,0,0
170999.9,111,1,3,31,0,10.41775,152,1,1,0,0
120000,101,1,2,25,0,10.48413,92,1,1,0,0
128000,71,1,3,31,0,10.00105,85,0,1,0,1
110000,101,1,2,28,0,9.887881,97,0,1,0,0
97999.98,41,1,2,33,0,9.781063,85,0,1,0,0
203999.9,36,1,4,56,0,9.768987,147,0,1,0,1
137500,101,1,2,32,0,10.81099,58,1,1,0,0
115000,31,1,2,25,0,11.56509,78,0,1,0,0
105000,16,1,2,33,0,11.84756,55,1,0,1,0
92500.02,151,1,1,31,0,10.7479,48,0,1,0,0
95999.97,41,1,2,31,0,10.99802,74,1,1,0,0
81999.97,116,1,1,30,0,10.50138,45,0,1,0,0
265000,71,1,3,28,0,10.7499,141,0,1,0,1
177000,71,1,4,33,0,11.0817,113,0,1,0,1
92500.02,31,1,2,44,0,10.74405,77,0,1,0,0
94999.96,101,1,2,28,0,10.42145,76,0,1,0,0
90000.02,101,1,1,29,0,10.45149,69,0,1,0,0
120000,121,1,2,31,0,10.57323,110,0,1,0,0
66999.99,31,1,2,44,0,11.45877,75,0,1,0,0
221000,71,1,3,40,0,11.255,117,0,1,0,1
119149.9,101,1,2,28,0,10.70387,100,0,1,0,1
120000,101,1,2,28,0,10.70387,100,0,1,0,1
140000,141,1,2,43,0,11.07041,84,1,1,0,1
132000,101,1,2,28,0,11.13519,103,0,1,0,1
65000.02,71,1,2,44,1,11.66353,48,0,0,0,0
189000.1,101,1,5,43,0,12.18065,187,0,1,0,1
56000.02,14,1,1,30,1,10.73488,35,1,0,0,0
128000,116,1,2,30,0,10.95155,60,0,1,0,0
70000.03,11,1,1,34,0,11.4375,49,0,1,0,0
116000,101,1,2,34,0,11.0629,56,1,1,0,0
90499.99,51,1,2,35,0,10.89266,63,0,1,0,0
76499.97,121,1,1,55,0,11.18456,55,0,1,0,0
59994.97,36,1,1,25,0,11.92244,52,0,1,0,0
102000,86,1,3,42,0,13.97162,90,0,1,0,1
90499.99,91,1,2,26,0,14.71425,96,0,1,0,1
90000.02,101,1,2,23,0,14.64499,67,0,1,0,1
106000,71,1,3,40,0,15.59561,102,0,1,0,1
55000.01,51,1,2,34,0,14.23378,70,0,1,0,0
130000,101,1,2,32,0,8.771131,84,0,1,0,0
431000.1,201,2,7,40,0,8.923072,237,1,1,0,1
120000,101,1,1,23,0,8.108356,55,0,1,0,0
100001,101,1,1,33,0,7.328269,62,0,1,0,0
130000,101,1,2,28,0,7.050215,73,0,1,0,0
159000,101,1,2,32,0,6.9969,68,0,1,0,0
137000,71,1,2,28,0,7.259305,60,0,1,0,0
307000.2,101,2,4,29,0,5.938629,180,0,1,0,1
474999.8,101,1,5,37,0,7.243663,75,0,1,0,1
234000,101,1,3,30,0,6.402178,114,0,1,0,1
175000,101,1,2,35,0,6.827394,73,0,1,0,1
169999.9,101,1,3,31,0,6.214258,94,0,1,0,0
185000,101,1,2,30,0,6.471727,103,0,1,0,1
150000,111,1,2,26,0,6.732217,67,0,1,0,1
215599,121,1,2,32,0,6.157926,100,0,1,0,0
206999.9,1,1,3,31,0,7.895479,105,1,1,0,1
99950.01,101,1,1,30,0,8.445563,57,0,1,0,0
107000,121,1,2,52,0,8.445563,65,1,1,0,0
168000,101,1,3,45,0,9.012745,127,0,1,0,0
69995.02,71,1,1,30,0,8.917085,58,0,1,0,0
95500.02,101,1,1,32,0,9.012537,91,0,1,0,0
120000,96,1,1,31,0,8.657746,74,0,1,0,0
186999.9,101,1,3,30,0,8.714917,145,1,1,0,1
169950,71,1,3,33,0,9.088958,111,0,1,0,1
164949.9,116,1,3,44,0,9.097849,118,0,1,0,1
89995.04,51,1,2,29,0,8.88695,54,0,1,0,0
140000,31,1,3,34,0,9.428719,94,0,1,0,1
112000,31,1,2,38,0,8.209146,88,0,1,0,0
84000.04,101,1,1,32,0,8.616965,70,0,1,0,0
57999.97,66,1,1,39,0,8.655931,45,0,1,0,0
215000.1,111,1,2,29,0,6.60565,93,0,1,0,1
249000,101,1,3,30,0,6.528491,144,0,1,0,0
145000,101,1,2,34,0,7.957357,70,0,1,0,0
94999.96,101,1,1,37,0,7.335491,40,0,1,0,0
635000.2,101,2,5,33,0,7.044489,236,1,1,0,1
198500,71,1,3,62,0,12.32639,108,0,1,0,1
148000,41,1,3,68,0,12.25054,135,0,1,0,1
118000,51,1,2,30,0,13.06183,84,0,1,0,1
72000.01,101,1,1,29,0,12.91872,61,0,1,0,0
114000,101,1,2,26,1,13.48253,91,0,0,0,1
91999.97,131,1,2,26,0,12.74279,70,1,1,0,0
95999.97,101,1,2,31,0,12.85974,87,0,1,0,0
98949.99,101,1,2,31,0,12.85974,87,0,1,0,0
105000,101,1,2,29,0,12.72993,86,0,1,0,1
150000,71,1,3,47,0,9.758433,96,0,1,0,1
70999.98,101,1,1,35,0,10.04462,72,0,1,0,0
148999.9,71,1,3,32,0,9.448621,97,0,1,0,1
76499.97,63,1,1,25,1,9.579725,60,0,0,0,0
43000.02,101,1,1,35,0,9.104388,36,0,1,0,0
125000,111,1,2,28,0,10.1876,81,0,1,0,0
240000,101,1,5,28,0,10.40715,178,0,1,0,1
57000,101,1,1,57,0,10.05229,49,0,1,0,0
77000.04,101,1,1,32,0,10.12938,57,0,1,0,0
98500.05,51,1,2,32,0,10.16928,70,0,1,0,0
124995,65,1,2,28,0,10.5423,80,0,1,0,0
119000,31,1,2,23,0,9.811342,70,0,1,0,0
126000.1,101,1,3,27,0,9.118239,97,0,1,0,0
135000,111,1,2,30,0,9.779542,78,0,1,0,0
224999.9,32,1,4,34,0,8.931011,214,0,1,0,1
112500,101,1,2,32,0,10.04373,64,0,1,0,0
203000.1,101,1,4,30,0,8.58124,150,0,1,0,1
85000.01,71,1,2,31,0,10.00708,67,0,1,0,0
85999.99,121,1,1,30,0,9.947569,40,0,1,0,0
135000,91,1,2,29,0,9.084427,85,0,1,0,0
129950,13,1,2,36,0,9.24019,64,1,1,0,1
97999.98,31,1,2,29,0,9.824637,79,0,1,0,0
245000.1,99,2,5,40,0,9.581853,172,1,1,0,1
148000,151,1,2,26,0,8.821177,65,0,1,0,1
130000,91,1,3,25,0,9.465593,82,0,0,1,1
160000,121,1,3,27,0,9.536271,100,0,1,0,0
106995,21,1,3,44,0,14.72652,128,0,1,0,1
81499.99,16,1,2,30,0,14.30201,65,1,1,0,1
64500.03,11,1,1,30,0,14.45505,52,0,1,0,1
78000.02,16,1,2,26,0,15.04577,67,1,1,0,1
103000,13,1,3,39,0,15.0821,96,1,1,0,1
66999.99,51,1,3,29,0,14.62756,102,0,1,0,1
66999.99,33,1,3,54,1,14.13733,80,0,0,0,0
70000.03,31,1,2,24,0,15.053,72,0,1,0,1
90000.02,51,1,3,34,0,14.22136,98,0,1,0,1
198500,121,1,3,28,0,8.959576,71,1,1,0,0
186999.9,71,1,4,34,0,9.148871,135,0,1,0,1
104000,43,1,2,27,0,8.180777,80,0,1,0,0
230000,101,2,3,35,0,7.951447,101,0,1,0,1
98500.05,41,1,1,29,0,8.050347,58,1,1,0,0
423000.1,100,2,5,36,0,7.752452,195,0,1,0,1
132000,31,1,2,28,0,8.479344,75,0,1,0,0
97500.03,71,1,3,30,0,10.64282,77,0,1,0,1
193000,71,1,3,49,0,9.560859,106,0,1,0,1
242500,101,1,3,37,0,8.814114,137,0,1,0,1
185000,111,1,2,28,0,9.004874,92,0,1,0,1
160000,111,1,2,34,0,8.870261,70,0,1,0,1
166000,41,1,2,28,0,9.223576,65,0,1,0,0
250000,32,1,3,34,0,8.915078,135,0,1,0,1
254999.9,32,1,3,34,0,8.915078,135,0,1,0,1
149950,71,1,3,29,0,8.53809,80,0,1,0,0
186000,44,1,2,26,0,8.362436,72,0,1,0,0
149995,41,1,2,52,0,8.618609,70,0,1,0,0
125000,101,1,2,32,0,7.813484,100,1,1,0,0
155000,101,1,3,31,0,6.293861,132,0,1,0,1
159000,101,1,3,52,0,6.293861,110,0,1,0,1
90999.96,101,1,2,35,0,7.629936,81,0,1,0,0
97999.98,101,1,2,35,0,7.629936,81,0,1,0,0
185000,121,1,2,32,0,6.733305,136,0,1,0,0
105000,101,1,1,42,0,6.477434,67,0,1,0,0
127000,101,1,2,25,0,7.09296,60,0,1,0,0
128000,101,1,2,36,0,6.876076,80,0,1,0,0
94999.96,101,1,2,26,0,6.274681,75,0,1,0,0
128000,8,1,2,26,0,6.407081,64,1,1,0,1
176000,101,1,3,31,0,6.529639,110,0,1,0,1
94999.96,121,1,1,27,0,3.334385,55,0,1,0,0
99999.97,161,1,1,32,1,4.778547,63,0,0,0,0
84000.04,101,1,1,31,0,4.59732,38,0,1,0,0
205000,121,1,3,31,0,4.39122,112,0,1,0,1
136000,101,1,2,33,0,5.080069,69,0,1,0,0
160000,101,1,2,25,1,4.888797,69,0,0,0,0
224999.9,96,1,3,26,0,4.391135,145,0,1,0,0
78000.02,12,1,1,55,0,10.00397,50,1,1,0,0
132000,71,1,3,40,1,10.22912,114,1,0,0,1
72999.98,10,1,1,25,0,10.42373,51,1,0,1,0
78000.02,101,1,1,32,1,9.87063,63,0,0,0,0
145000,101,1,3,34,0,10.11336,102,0,1,0,1
150000,96,2,3,39,0,9.004697,122,0,1,0,1
60000.01,101,1,1,30,0,9.159988,60,0,1,0,0
79995.02,101,1,2,33,0,9.276259,62,0,1,0,0
79000.03,7,1,1,34,0,9.273688,45,1,0,1,0
91999.97,71,1,2,32,0,10.92869,72,0,1,0,1
112000,66,1,3,25,0,10.8105,78,1,1,0,1
70999.98,76,1,2,37,0,9.125332,74,0,1,0,0
79000.03,121,1,1,26,0,8.673746,60,0,1,0,0
188000,131,1,3,37,0,8.695826,155,0,1,0,1
188000,111,1,4,40,0,8.872889,152,0,1,0,1
195000,71,1,4,45,0,8.393645,154,0,1,0,1
195000,71,1,4,55,0,8.300858,136,0,1,0,1
176000,101,1,3,28,0,8.669066,148,0,1,0,1
147500,101,1,2,30,0,8.621941,96,0,1,0,1
115000,91,1,2,29,0,8.537616,73,0,1,0,0
99999.97,101,1,2,28,0,8.934855,58,0,0,1,0
72050.02,101,1,1,28,1,8.221565,50,0,0,0,0
70999.98,101,1,1,28,1,8.221565,50,0,0,0,0
231000,101,1,3,29,0,9.934728,130,1,1,0,1
128000,101,1,3,29,0,11.60072,100,1,1,0,1
151000,101,1,3,37,0,11.56347,102,0,1,0,1
148000,71,1,3,39,0,13.97925,128,0,1,0,1
222000,66,1,3,31,0,13.68889,125,0,1,0,1
84994.98,11,1,1,27,0,12.88524,51,1,0,1,0
135000,29,1,3,50,0,13.10189,116,0,1,0,1
143500,29,1,3,28,0,13.10189,100,0,1,0,1
114000,51,1,3,46,0,14.19136,110,0,1,0,1
189000.1,71,1,3,33,0,14.08109,124,0,1,0,1
140000,66,1,3,43,0,14.00785,113,1,1,0,1
149995,71,1,3,25,0,14.00785,113,1,1,0,1
65000.02,21,1,1,34,0,13.37179,54,0,1,0,0
140000,66,1,3,39,0,12.45645,106,0,1,0,1
106950,61,1,3,24,0,13.29705,79,0,1,0,1
79999.97,51,1,2,52,0,13.34328,73,0,1,0,0
81999.97,71,1,2,26,0,11.5529,75,0,1,0,0
98500.05,51,1,2,26,0,11.53631,77,0,1,0,1
174949.9,151,1,3,32,0,12.34439,127,0,1,0,0
98995.02,36,1,3,27,0,12.62694,90,0,1,0,0
74500.01,8,1,1,35,0,11.5971,38,1,0,1,0
138995,86,1,3,31,0,11.18107,137,0,1,0,1
117000,101,1,2,27,0,17.58956,78,0,1,0,1
151000,51,1,3,26,0,17.32802,112,0,1,0,1
89000.02,101,1,1,35,0,18.86131,73,1,1,0,0
99999.97,41,1,2,24,0,18.00855,95,0,1,0,0
169000,11,1,3,38,0,18.24226,85,0,1,0,1
125000,101,1,2,39,0,18.1538,117,0,1,0,1
84000.04,7,1,1,27,0,18.19177,43,1,0,1,0
113000,12,1,2,28,0,18.19177,75,1,0,1,0
130000,71,1,3,43,0,17.63838,87,0,1,0,1
147500,71,1,3,39,0,17.15818,102,0,1,0,1
142000,81,1,3,39,0,18.1896,93,0,1,0,1
94999.96,71,1,1,32,0,18.40288,46,1,1,0,0
79499.98,31,1,1,29,0,18.51439,52,0,0,1,0
86999.96,17,1,1,35,1,18.51439,50,1,0,0,0
60000.01,101,1,1,26,0,18.64647,42,1,1,0,0
79999.97,31,1,1,44,1,18.32801,50,0,0,0,0
94999.96,25,1,2,23,0,18.32801,65,1,1,0,0
68000.01,66,1,1,30,0,17.90556,50,1,1,0,0
175000,101,2,3,31,0,17.44482,116,0,1,0,1
139000,31,1,2,35,0,16.95974,72,1,1,0,1
83499.97,61,1,2,27,0,17.11629,58,0,1,0,0
186000,81,1,3,45,0,16.70726,112,0,1,0,1
135000,71,1,3,29,0,16.63277,90,0,1,0,1
79950.02,41,1,1,26,0,16.7813,52,1,0,1,0
143000,71,1,3,38,0,16.87183,83,0,1,0,1
135000,5,1,2,28,0,17.36755,67,1,1,0,1
106000,71,1,2,40,0,17.17877,50,0,1,0,0
126000.1,101,1,3,32,1,17.86345,76,0,0,0,1
68000.01,31,1,1,31,0,17.56731,60,0,1,0,0
62950.03,11,1,1,49,1,17.57423,36,1,0,0,0
84199.98,51,1,3,47,0,17.46754,90,0,1,0,0
114500,21,1,3,26,0,17.72616,89,0,1,0,1
109950,25,1,2,28,0,17.48272,81,0,1,0,0
89000.02,31,1,2,31,0,17.42418,81,0,1,0,0
72499.97,31,1,1,31,0,17.76453,60,0,1,0,0
99000.02,41,1,2,28,0,17.50878,82,1,0,1,0
102000,46,1,2,29,0,17.43765,89,0,1,0,0
170500,36,1,3,29,0,17.96045,125,0,1,0,1
161000,71,1,3,39,0,17.83383,132,0,1,0,1
113500,18,1,2,26,0,17.57293,70,0,1,0,0
85999.99,19,1,1,26,0,18.43647,50,1,1,0,0
91999.97,16,1,1,42,0,18.43647,47,1,1,0,0
63999.98,101,1,1,36,0,18.51589,49,1,1,0,0
132000,16,1,2,31,1,18.51589,84,1,0,0,0
85000.01,31,1,1,34,0,18.46608,40,1,0,1,0
101000,26,1,2,40,0,18.5843,73,0,0,1,0
230000,11,1,4,37,0,19.59144,135,0,1,0,1
133660,71,1,2,26,0,19.71795,87,0,1,0,0
119000,13,1,2,25,0,20.44037,84,0,0,1,0
78500.01,31,1,1,53,1,19.36553,62,0,0,0,0
69000.01,16,1,1,54,1,19.3263,44,0,0,0,0
117500,46,1,2,30,0,19.15171,60,0,1,0,0
109000,21,1,2,43,0,19.15171,58,0,0,1,0
132000,21,1,2,24,0,19.19166,72,0,1,0,1
300000.1,31,1,4,45,0,20.73954,188,0,1,0,1
124950,51,1,2,34,0,19.84138,60,0,1,0,0
124450,51,1,2,34,0,19.84138,60,0,1,0,0
249999.1,76,1,3,32,0,20.28815,125,0,1,0,1
289950.1,71,2,4,52,0,19.06208,155,0,1,0,1
97949.98,66,1,2,37,0,19.36602,51,0,1,0,0
83000.03,71,1,2,37,1,19.36602,52,0,0,0,0
160000,71,1,3,33,0,16.75707,85,0,1,0,1
99999.97,71,1,2,25,1,17.18258,70,0,0,0,1
137000,66,1,2,33,0,17.10428,98,0,1,0,1
129000,71,1,2,26,0,17.05354,74,1,1,0,1
179000.1,71,1,3,38,0,16.55853,109,1,1,0,1
120000,71,1,2,24,0,17.62492,75,1,1,0,1
145000,66,1,3,33,1,17.90262,109,0,0,0,1
86999.96,13,1,1,24,0,18.26343,51,1,1,0,0
103000,11,1,2,45,0,18.11322,57,1,0,1,0
152000,66,1,3,26,0,17.94637,84,0,1,0,1
158000,66,1,3,29,0,18.07636,85,0,1,0,1
159000,66,1,3,36,0,15.74626,120,0,1,0,1
174000,71,1,3,28,0,15.09072,124,0,1,0,1
198000,71,1,3,55,0,15.35377,118,0,1,0,1
108000,66,1,2,28,0,16.77717,55,0,1,0,0
152500.1,66,1,3,49,0,16.65505,84,0,1,0,1
172000.1,71,1,3,57,0,16.89358,121,1,1,0,1
181000.1,71,2,3,34,0,16.74187,120,1,1,0,1
159950,66,1,3,34,0,16.61844,82,0,1,0,1
150000,65,1,3,29,0,16.34164,92,0,1,0,1
176000,71,1,3,39,1,14.59214,98,1,0,0,1
99950.01,71,1,2,27,0,14.81506,64,1,1,0,0
89000.02,66,1,2,31,0,14.86405,54,1,1,0,0
89000.02,71,1,2,34,0,14.91895,70,1,1,0,0
120500,66,1,2,30,0,14.37411,78,1,1,0,1
128500,66,1,3,54,0,14.4906,91,1,1,0,1
156999.9,71,1,3,33,0,15.88798,90,0,1,0,1
181000.1,71,1,3,27,0,15.22741,131,0,1,0,1
85550.01,51,1,2,24,1,15.06405,51,0,0,0,0
116000,66,1,2,33,0,15.02011,89,0,1,0,1
139000,51,1,2,32,0,14.92466,88,1,1,0,1
112000,71,1,2,27,0,16.14139,75,0,1,0,1
117500,71,1,3,26,0,16.14139,84,0,1,0,1
110000,71,1,2,38,0,16.22538,74,1,1,0,1
86500.02,71,1,2,30,0,15.50462,80,1,1,0,1
90000.02,64,1,3,28,0,14.8636,70,0,1,0,1
97999.98,71,1,2,43,0,15.15229,70,0,1,0,1
138000,66,1,3,32,0,15.62625,80,0,1,0,1
124950,101,1,2,44,0,16.60361,84,0,1,0,1
97000.04,71,1,3,30,1,16.18531,105,0,0,0,1
90499.99,10,1,2,39,0,16.17395,58,1,0,1,0
87500.04,11,1,2,26,1,16.17395,58,1,0,0,0
147500,4,1,3,30,0,15.5156,94,0,1,0,1
81950.01,51,1,2,23,1,16.57337,82,0,0,0,0
131000,101,1,2,30,0,16.6661,87,1,1,0,1
110000,31,1,2,31,1,16.44866,73,0,0,0,0
83000.03,66,1,2,23,0,16.7149,47,1,1,0,0
72999.98,51,1,1,24,1,16.46758,67,0,0,0,0
155000,71,1,3,31,0,17.32533,105,0,1,0,1
153000,71,1,3,33,0,17.27131,108,0,1,0,1
195000,71,1,3,34,0,18.5541,143,0,1,0,1
169000,26,1,3,46,0,17.92999,84,0,1,0,1
205000,76,1,3,31,0,18.15453,119,0,1,0,1
162000,81,2,3,36,0,18.84114,107,0,1,0,1
174949.9,66,1,3,32,0,18.87123,88,0,1,0,1
129000,96,1,2,37,0,17.09636,90,1,1,0,1
103500,4,1,2,30,0,16.25603,70,0,0,1,0
129000,5,1,2,25,0,16.25603,56,1,1,0,1
103500,6,1,2,24,0,16.25603,60,1,0,1,0
105000,6,1,2,26,0,16.25603,61,1,0,1,0
89949.99,41,1,2,27,0,16.22903,76,1,1,0,0
90000.02,11,1,2,28,0,15.40462,58,1,0,1,0
187500,65,1,3,66,0,16.70514,100,0,1,0,1
90000.02,66,1,2,26,0,16.81673,77,0,1,0,0
75000.02,31,1,1,28,0,16.75385,60,1,0,1,0
183000.1,66,1,3,52,0,16.37217,111,0,1,0,1
154950,66,1,3,31,0,16.79462,109,0,1,0,1
131000,36,1,2,29,0,17.29325,70,0,1,0,1
79000.03,31,1,2,68,0,17.27334,65,1,0,1,0
134950,31,1,3,36,0,17.82094,100,0,1,0,1
175000,47,1,3,27,0,18.72526,106,0,1,0,1
253000,101,1,5,30,0,17.97228,138,1,1,0,1
94999.96,36,1,2,28,0,18.42105,87,0,0,1,0
527500.1,131,2,4,30,0,7.408448,177,0,1,0,1
375000.1,131,1,1,42,0,7.471599,61,0,1,0,1
399999.9,131,2,2,33,0,7.530951,71,0,1,0,0
420000.2,101,1,3,32,0,7.896344,125,0,1,0,1
235000.1,101,1,2,24,0,7.552389,81,0,1,0,0
208000,121,1,2,29,0,8.118807,87,0,1,0,0
137500,51,1,1,35,0,7.796604,48,0,1,0,0
345000.1,101,2,2,30,0,7.835103,115,0,1,0,0
182000,121,1,2,30,0,7.872986,67,0,1,0,0
155000,101,1,1,29,0,8.329036,42,0,1,0,0
265000,131,1,2,27,0,7.271466,93,0,1,0,1
140000,41,1,2,29,0,7.747483,80,1,0,1,0
193000,6,1,2,27,0,7.516025,58,1,1,0,0
152750,11,1,1,29,0,7.516025,75,0,1,0,0
131950,21,1,2,25,0,7.68791,95,0,1,0,0
160000,71,1,1,32,0,7.447313,62,0,0,1,0
154000,68,1,1,32,0,7.479644,60,0,0,1,0
136500,21,1,2,28,0,7.669143,83,0,1,0,0
239000.1,71,1,2,30,0,5.943233,82,0,1,0,0
240000,101,1,3,36,0,5.990622,84,0,1,0,0
219000.1,111,1,2,30,0,6.42144,65,0,1,0,0
325000.1,121,2,3,40,0,7.102186,136,0,1,0,1
224500.1,101,1,2,28,0,7.274234,85,0,1,0,0
294999.9,101,1,2,27,0,6.877647,97,0,1,0,1
194000,96,1,1,27,0,7.233403,64,0,1,0,0
102000,36,1,1,31,0,6.885138,52,1,1,0,0
268299.9,101,2,2,26,0,8.252629,80,0,1,0,0
268999.9,101,2,2,26,0,8.252629,80,0,1,0,0
574999.8,101,2,4,33,0,8.481085,182,0,1,0,1
115000,51,1,3,30,0,8.707459,86,0,1,0,0
561999.9,101,3,5,36,0,8.492123,180,0,1,0,1
452500,101,1,4,53,0,7.839323,160,0,1,0,1
476000.2,96,1,4,54,0,7.861016,127,0,1,0,1
464999.8,91,2,4,35,0,7.782903,181,0,1,0,1
118000,15,1,1,29,0,8.128134,48,1,0,1,0
210000,101,1,2,28,0,7.665467,64,0,1,0,0
275000.1,101,1,6,28,1,7.828115,185,0,0,0,1
179999.9,101,1,2,28,0,7.951665,55,0,1,0,0
195000,76,1,2,27,0,8.172131,72,0,1,0,0
217750.1,101,1,2,31,0,8.56287,81,0,1,0,0
335000,101,1,3,32,0,8.601319,130,0,1,0,1
335000,101,1,3,32,0,8.601319,130,0,1,0,1
315000,101,1,2,31,0,8.360578,97,0,1,0,1
245000.1,101,1,2,26,0,9.323151,85,0,1,0,0
238000,101,1,2,28,0,8.73226,100,0,1,0,0
214500,101,1,2,25,0,7.870108,89,0,1,0,0
268000,121,1,2,28,0,8.723698,148,1,1,0,1
268000,121,1,2,28,0,8.723698,148,1,1,0,1
330000.1,121,1,3,35,0,12.09723,106,0,1,0,1
335000,121,1,2,30,0,12.40548,92,0,1,0,1
139000,51,1,3,43,0,11.24286,94,0,1,0,0
264000.1,66,1,3,44,0,11.07128,96,0,1,0,1
434999.8,116,1,4,32,0,10.63484,150,0,1,0,1
110000,71,1,2,72,1,13.86605,58,0,0,0,0
614999.8,96,2,6,39,0,13.75388,201,0,1,0,1
222500,91,1,3,39,0,13.0601,76,0,1,0,1
280000.1,101,1,3,29,0,13.00188,95,0,1,0,1
684999.8,96,2,5,36,0,10.91044,221,0,1,0,1
250000,101,2,2,25,0,10.46007,72,0,1,0,0
347000,141,1,2,36,0,10.37468,85,0,1,0,1
150000,101,1,1,36,0,10.67934,40,0,1,0,0
250000,101,2,2,30,0,10.67934,79,0,1,0,0
249000,101,1,2,29,0,10.07162,75,0,1,0,0
134950,41,1,2,30,0,11.6661,78,0,1,0,0
102000,39,1,1,26,1,11.18235,32,0,0,0,0
409999.8,21,2,4,35,0,12.37879,163,1,1,0,1
415000.2,101,1,3,31,0,10.66157,126,0,1,0,1
250000,41,1,3,27,0,11.09446,90,0,1,0,1
260000.1,91,1,2,30,0,11.31482,84,1,1,0,0
249500.1,101,1,2,29,0,11.08505,66,0,1,0,0
160000,26,1,1,29,0,11.0024,45,0,0,1,0
464999.8,131,1,3,31,0,11.27711,120,0,1,0,1
140000,66,1,1,31,0,11.0339,54,0,1,0,0
78000.02,26,1,1,30,0,8.920831,52,0,1,0,0
183000.1,71,1,2,31,0,9.968943,100,1,1,0,0
97999.98,41,1,3,30,0,10.13231,80,0,1,0,0
113000,31,1,3,31,0,10.13231,92,0,1,0,0
90499.99,121,1,1,27,0,9.739818,56,0,1,0,0
55000.01,101,1,1,31,1,9.777967,32,0,0,0,0
127000,91,1,2,28,0,9.782293,70,0,1,0,0
137500,66,1,2,26,0,9.089058,98,0,1,0,0
101000,71,1,2,36,1,9.055363,71,0,0,0,0
77000.04,101,1,1,33,0,9.946351,37,0,1,0,0
86999.96,23,1,1,27,0,9.41443,48,1,1,0,0
184000,141,1,3,44,0,9.590131,81,1,1,0,1
83000.03,121,1,1,29,1,9.548163,41,0,0,0,0
222500,71,1,3,32,0,10.84234,122,0,1,0,1
167000,76,1,3,38,0,10.95258,133,1,1,0,1
81950.01,41,1,2,37,1,10.58034,84,0,0,0,0
208000,66,1,3,41,0,12.44705,129,1,1,0,1
176000,71,1,3,52,0,12.12525,103,0,1,0,1
97000.04,101,1,1,31,0,10.97316,48,0,1,0,0
138500,71,1,3,25,0,11.26814,84,0,1,0,1
112000,111,1,2,27,0,11.03097,62,0,1,0,0
119000,91,1,2,33,0,11.03097,73,0,1,0,0
125000,41,1,2,48,0,11.13688,88,0,1,0,0
99000.02,101,1,1,27,1,10.95621,58,0,0,0,0
110000,71,1,3,25,0,11.73192,93,0,1,0,1
128950.1,101,1,2,27,0,11.78329,94,0,1,0,1
135000,73,1,3,26,0,11.69499,95,1,1,0,1
110000,101,1,2,35,0,10.1978,79,0,1,0,0
120000,101,1,2,30,0,10.82068,78,0,1,0,0
128000,101,1,2,29,0,10.93582,78,0,1,0,0
95999.97,101,1,1,29,0,11.093,55,0,1,0,0
145000,101,1,2,35,0,10.98529,80,0,1,0,0
179000.1,71,1,3,36,0,11.01397,99,0,1,0,1
190000,101,1,3,27,1,10.84994,91,0,0,0,1
248499.9,91,2,4,38,0,10.82143,137,0,1,0,1
218000.1,121,1,2,36,0,10.98689,94,0,1,0,1
195000,121,1,3,29,0,11.30837,96,0,1,0,1
135000,96,1,3,30,0,11.09219,69,0,1,0,0
223000,101,1,2,27,0,10.98284,87,0,1,0,1
106000,101,1,1,30,0,10.92163,48,0,1,0,0
114000,71,1,2,33,0,10.93178,70,0,1,0,0
116500,71,1,2,28,0,10.94287,65,0,1,0,0
115000,101,1,1,26,0,11.08728,56,0,1,0,0
179950,116,1,2,33,0,11.48158,93,0,1,0,1
125000,101,1,1,31,0,9.836302,45,0,1,0,0
192500,101,1,3,26,0,9.753765,109,0,1,0,0
364999.9,101,1,3,28,0,9.215227,129,0,1,0,1
192000,101,1,2,32,0,10.37064,79,0,1,0,0
179999.9,91,1,3,28,0,10.33706,85,0,1,0,0
145000,91,1,2,27,0,10.6004,69,0,1,0,1
140000,96,1,2,29,0,10.67347,48,0,1,0,1
145000,71,1,2,30,0,10.52026,66,0,1,0,1
118500.1,36,1,2,27,0,11.10769,84,1,1,0,0
87500.04,101,1,1,26,0,9.465657,38,0,1,0,0
164949.9,101,1,1,53,0,9.44765,55,0,1,0,0
215000.1,71,1,4,28,0,10.77779,92,0,0,1,1
114500,121,1,1,29,0,11.03157,60,0,1,0,0
166000,91,1,2,31,0,10.05135,76,0,1,0,0
126500,46,1,2,35,0,11.33512,71,0,1,0,0
125000,101,1,2,24,0,11.69052,66,0,1,0,0
159000,121,1,2,25,0,11.59469,73,0,1,0,0
97000.04,101,1,1,30,0,11.46946,64,0,1,0,0
146000,101,1,2,26,0,11.14392,75,0,1,0,0
198000,101,1,3,33,0,11.05729,99,0,1,0,1
167500.1,51,1,2,48,0,9.668049,65,0,1,0,0
146000,21,1,1,27,0,9.70035,43,1,1,0,0
222000,101,1,2,26,0,9.890652,77,0,1,0,0
493000.2,101,2,4,49,0,9.963714,166,0,1,0,1
249999.1,101,1,2,28,0,9.963714,104,0,1,0,0
151500,101,1,2,29,0,9.991271,68,0,1,0,0
179999.9,101,1,2,32,0,9.504135,111,0,1,0,0
152000,101,1,1,27,0,9.830067,60,0,1,0,0
175000,101,1,2,27,0,9.845242,65,0,1,0,0
215000.1,101,1,2,33,0,9.618251,74,0,1,0,0
163000.1,11,1,2,26,0,9.903316,57,0,0,1,0
150000,101,1,1,28,0,10.18755,56,0,1,0,0
193000,101,1,2,31,0,10.29877,77,0,1,0,0
173000,21,1,3,41,0,10.30112,115,0,1,0,1
172000.1,66,1,2,32,0,10.04547,67,0,1,0,0
179000.1,81,1,4,40,0,9.578825,125,0,1,0,0
205999.9,71,1,3,32,1,10.32421,89,0,0,0,1
78000.02,101,1,1,26,1,10.1739,35,0,0,0,0
99999.97,26,1,1,30,0,10.72192,52,0,1,0,0
200000,101,1,2,26,0,10.11204,98,0,1,0,0
159000,101,1,1,29,0,10.51335,52,0,1,0,0
197500,7,1,2,27,0,10.51178,80,1,1,0,1
110000,71,1,3,27,0,10.46998,84,0,1,0,0
270827,93,1,2,34,0,11.04379,106,0,1,0,1
174000,111,1,2,30,0,11.12302,70,0,1,0,0
305000,91,1,3,28,0,11.23102,128,0,1,0,1
305000,91,1,3,28,0,11.23102,128,0,1,0,1
152000,71,1,2,27,0,11.15703,67,0,1,0,0
153500,101,1,1,28,0,10.63801,72,0,1,0,0
152000,101,1,1,28,0,10.63801,72,0,1,0,0
150000,71,1,2,31,0,10.86474,76,0,1,0,0
125000,71,1,2,28,0,11.21472,70,0,1,0,0
186500,101,1,2,26,0,12.55409,106,0,1,0,1
157500.1,101,1,2,29,0,12.76467,75,1,1,0,0
242500,101,1,2,53,0,12.80836,87,0,1,0,1
241000,121,1,2,32,0,12.73552,105,0,1,0,1
145000,101,1,1,26,0,12.85224,60,0,1,0,0
147000,101,1,1,26,0,12.85224,60,0,1,0,0
249500.1,113,1,3,35,0,13.27066,90,0,1,0,1
195000,4,1,2,27,0,13.35607,68,1,1,0,0
155000,4,1,1,37,0,13.35607,45,1,1,0,0
111750,12,1,1,28,0,11.8516,47,1,0,1,0
152500.1,15,1,2,27,1,11.94428,69,0,0,0,1
137000,101,1,2,32,0,12.06621,65,0,1,0,0
146000,96,1,3,30,0,12.00554,70,0,1,0,0
86999.96,116,1,1,25,0,11.86279,55,0,1,0,0
87999.97,101,1,1,30,0,12.05507,45,0,1,0,0
177500,71,1,3,26,0,12.37245,80,0,1,0,1
245000.1,101,1,2,31,0,13.79243,92,0,1,0,1
146500.1,101,1,1,32,0,13.67443,55,0,1,0,0
179999.9,31,1,2,27,0,14.0293,81,0,1,0,0
195000,101,1,2,29,0,14.17313,72,1,1,0,0
224999.9,29,1,2,26,0,13.80831,77,0,1,0,0
137000,16,1,1,31,0,12.13837,51,1,1,0,0
85999.99,51,1,1,27,0,11.79407,54,0,1,0,0
109000,41,1,1,22,0,11.90117,56,0,1,0,0
599999.8,91,2,5,43,0,12.8957,193,1,1,0,1
459999.8,16,2,4,30,0,12.81662,165,0,1,0,1
142000,91,1,1,35,0,12.02597,68,0,1,0,0
333999.9,96,1,4,38,0,11.49366,128,0,1,0,1
384999.8,91,2,4,35,0,11.34885,130,0,1,0,1
120000,91,1,1,28,1,11.11443,64,0,0,0,0
288999.9,91,1,3,39,0,10.99131,93,0,1,0,1
210000,101,1,2,23,0,11.79736,80,0,1,0,1
192500,101,1,3,27,1,11.91748,78,0,0,0,1
190000,66,1,3,37,0,11.73557,97,1,1,0,1
224999.9,101,1,3,28,0,12.30632,88,0,1,0,1
599999.8,113,2,4,35,1,12.75511,150,0,0,0,1
190000,111,1,3,53,0,12.17228,90,0,1,0,1
130000,16,1,1,23,1,12.06947,53,1,0,0,1
179999.9,101,1,2,30,0,12.59528,80,0,1,0,0
250000,93,1,2,27,0,12.61171,79,0,1,0,1
185000,111,1,2,32,0,12.08158,65,1,1,0,0
820000.1,81,2,3,51,0,3.184928,160,0,1,0,0
258000.1,105,1,3,42,0,3.91429,84,0,1,0,0
560000,101,1,3,44,0,4.475131,174,0,1,0,0
249950,61,1,2,26,0,4.253807,64,0,1,0,0
99000.02,51,1,1,39,0,4.543375,37,0,1,0,0
198000,51,1,3,28,1,4.562592,91,0,0,0,0
409999.8,141,2,3,24,0,4.47978,119,0,1,0,0
254999.9,141,1,2,41,0,4.680711,65,0,1,0,0
128000,66,1,2,43,0,15.85365,62,0,1,0,0
110000,31,1,1,29,0,15.0414,50,1,1,0,0
624999.8,16,3,5,34,0,14.52657,185,0,1,0,1
165000,101,1,2,26,0,15.22581,65,0,1,0,0
144000,31,1,1,25,0,15.13258,73,0,0,1,0
94999.96,71,1,1,26,0,14.89425,45,0,1,0,0
114000,81,1,2,28,0,14.55734,65,0,1,0,0
127000,96,1,2,26,0,14.49627,64,0,1,0,0
130000,71,1,2,27,0,14.41602,64,1,1,0,0
169999.9,101,1,3,36,0,14.41602,120,0,1,0,1
112000,91,1,1,26,0,14.67972,35,0,1,0,0
245000.1,66,2,5,35,0,14.13311,143,0,1,0,1
220000,66,1,3,31,0,15.74747,117,1,1,0,1
229000,71,1,5,45,0,15.67224,150,0,1,0,1
209000,71,1,3,33,0,15.67224,130,0,1,0,1
231999.9,71,1,5,45,0,15.67224,150,0,1,0,1
175000,71,1,3,32,1,15.79028,108,0,0,0,1
224999.9,66,1,3,29,0,15.88974,110,1,1,0,1
178900,71,1,3,43,0,14.84395,140,0,0,1,1
92999.96,96,1,1,28,0,16.35676,52,0,1,0,0
112000,101,1,1,35,0,6.321723,38,0,1,0,0
115000,101,1,1,35,0,6.428521,55,0,1,0,0
142000,101,1,1,31,0,6.295958,57,0,1,0,0
125000,111,1,1,26,0,6.085448,60,0,1,0,0
60000.01,41,1,1,34,0,7.161725,49,0,1,0,0
74000.02,71,1,1,28,0,6.423279,36,0,1,0,0
88499.98,81,1,1,31,0,6.423279,45,0,1,0,0
108000,101,1,1,23,0,7.405827,66,0,1,0,0
148500,101,1,1,43,0,7.103915,77,0,1,0,0
148000,101,1,2,29,0,6.828695,64,0,1,0,0
167000,101,1,4,30,0,8.67518,167,0,1,0,1
165000,101,1,3,26,0,8.745891,90,0,1,0,0
155000,101,1,3,33,0,8.582661,126,0,1,0,0
205000,101,1,4,36,0,8.589193,188,0,1,0,1
129000,101,1,2,28,0,8.424479,54,0,1,0,0
150000,101,1,2,27,0,7.696197,67,0,1,0,0
105000,71,1,2,39,0,7.920082,56,0,1,0,0
232999.9,96,1,3,32,0,8.6031,112,0,1,0,0
174949.9,101,1,3,33,0,7.529383,108,0,1,0,0
80999.98,21,1,2,46,0,8.629987,87,0,1,0,1
49000.01,46,1,1,30,0,8.483603,59,1,0,1,0
53999.98,71,1,2,32,0,8.483603,56,0,0,1,0
57000,71,1,2,32,0,8.483603,60,1,0,1,0
50000.01,71,1,2,22,0,8.483603,64,0,0,1,0
205000,96,2,2,30,0,8.533566,80,0,1,0,0
158000,101,1,1,34,0,6.79447,70,0,1,0,0
156000,96,1,3,28,0,7.398254,88,0,1,0,0
75000.02,42,1,1,32,0,7.208753,54,0,1,0,0
200000,141,1,1,56,0,6.321588,44,0,1,0,0
289999.9,41,2,2,54,0,6.223145,85,0,0,1,0
205000,101,1,2,30,0,6.506024,62,0,1,0,0
265000,101,2,2,38,0,6.009901,69,0,1,0,0
185000,101,1,3,38,0,6.18373,79,0,1,0,0
178500.1,101,1,2,29,0,6.360364,65,0,1,0,0
250000,116,1,4,33,0,6.354932,121,0,1,0,1
166000,101,1,1,27,0,6.130874,55,0,1,0,0
479999.8,101,2,3,33,0,7.410049,196,0,1,0,1
479999.8,101,2,3,33,0,7.410049,196,0,1,0,1
445000.1,96,3,5,31,0,7.410049,182,0,1,0,1
450000.1,96,3,5,31,0,7.410049,182,0,1,0,1
404999.9,131,1,2,32,0,7.060772,104,0,1,0,0
315000,121,2,2,34,0,7.964115,70,0,1,0,0
246250,151,1,2,31,0,7.844887,57,0,1,0,0
246250,151,1,2,31,0,7.844887,57,0,1,0,0
276999.9,111,1,2,30,0,7.758775,92,0,1,0,0
315000,111,1,3,26,0,7.972266,97,0,1,0,1
505000,101,1,4,54,0,8.425674,177,0,1,0,1
479999.8,101,1,4,54,0,8.425674,177,0,1,0,1
187500,111,1,1,30,0,8.150863,52,0,1,0,0
219949.9,91,1,2,36,0,8.11495,60,0,1,0,0
224999.9,101,1,2,26,0,8.211604,67,0,1,0,0
630000.3,111,3,4,28,0,8.681501,147,0,1,0,1
133000,16,1,1,23,0,9.840406,39,1,0,1,0
203000.1,111,1,1,33,0,9.041262,58,0,1,0,0
191000,101,1,1,40,0,9.53709,60,0,1,0,0
200000,101,1,2,36,0,9.410753,62,0,1,0,0
224999.9,101,1,2,45,0,9.788897,70,0,1,0,0
420000.2,116,2,4,32,0,8.840785,155,0,1,0,1
445000.1,111,2,3,29,0,9.221464,140,0,1,0,1
249000,101,2,2,27,0,9.187647,71,0,1,0,0
275000.1,101,1,2,29,0,8.556014,95,0,1,0,0
249995,71,1,1,35,0,6.270987,85,0,1,0,0
200000,121,1,2,28,0,4.227244,73,0,1,0,0
185000,121,1,2,30,0,4.121019,71,0,1,0,0
142000,26,1,4,41,0,4.735408,103,0,1,0,0
132000,16,1,2,29,0,4.977934,65,0,1,0,0
130000,41,1,3,25,0,4.592363,76,0,1,0,0
136500,131,1,1,28,0,6.543161,60,0,1,0,0
106500,16,1,1,32,0,4.235312,45,0,1,0,0
176000,101,1,2,28,0,4.299155,73,0,1,0,0
158000,101,1,1,44,1,3.982161,44,0,0,0,0
97000.04,101,1,1,29,0,4.228408,38,0,1,0,0
175000,101,1,2,35,0,4.492195,76,0,1,0,0
150000,111,1,1,31,0,4.492195,59,0,1,0,0
208000,181,1,3,30,0,4.728071,120,0,1,0,0
199950.1,141,2,2,26,0,4.084899,83,0,1,0,0
200000,101,1,2,30,0,5.60388,94,0,1,0,0
92500.02,121,1,1,28,0,5.79893,80,0,1,0,0
175000,101,2,2,34,0,5.300034,70,0,1,0,0
162000,101,1,2,24,0,5.766197,61,0,0,1,0
229950,121,1,2,29,0,5.608983,99,0,1,0,0
250000,121,1,5,35,0,5.725081,144,0,1,0,1
134000,31,1,3,27,0,24.36476,131,0,1,0,1
127000,31,1,3,61,0,23.98844,105,0,1,0,1
175000,26,2,4,49,0,24.99462,182,0,1,0,1
108000,31,1,2,26,0,23.77064,105,0,1,0,1
179999.9,65,1,2,35,0,14.5735,71,0,1,0,0
342500.1,61,1,3,31,0,14.15292,130,0,1,0,1
269999.9,71,1,2,35,0,16.03242,86,1,1,0,0
250000,121,1,2,26,0,15.46771,135,0,1,0,1
161000,31,1,1,36,0,17.74431,64,0,1,0,0
163000.1,31,1,2,56,0,19.48718,85,0,1,0,0
124000,46,1,3,33,0,19.99524,84,0,1,0,0
230000,43,1,3,31,0,20.28808,91,0,1,0,1
224999.9,101,1,3,28,0,20.20423,96,0,1,0,1
132500,121,1,1,34,0,19.44382,59,0,1,0,0
214000,101,1,3,34,0,19.7808,93,0,1,0,1
249950,131,1,2,30,0,19.63844,100,0,1,0,1
210000,111,1,3,29,0,19.88795,100,0,1,0,1
250000,111,1,3,37,0,19.90049,117,0,1,0,1
129950,33,1,1,31,0,19.47906,38,0,1,0,0
390000.1,121,1,4,43,0,19.14431,145,0,1,0,1
305000,101,1,3,30,0,19.11269,132,0,1,0,1
135000,71,1,2,32,0,19.05027,51,0,1,0,0
154000,51,1,2,28,0,18.36098,55,0,1,0,0
168500,66,1,2,23,0,17.32755,56,1,1,0,0
182000,46,1,2,32,0,17.26937,103,0,1,0,0
409999.8,66,3,3,59,0,20.89695,145,0,1,0,1
125000,16,1,1,29,0,21.21453,45,1,1,0,0
115499.9,31,1,3,47,0,22.04906,82,0,1,0,1
109950,71,1,1,30,0,20.64347,56,0,0,1,0
140000,121,1,2,27,0,20.57488,60,0,1,0,0
114500,24,1,2,28,0,20.79755,83,0,0,1,0
247000,101,1,3,52,0,21.0107,120,0,1,0,1
382499.9,26,1,3,50,0,21.75471,181,0,1,0,1
242500,40,2,5,41,0,22.24489,169,0,1,0,1
379949.8,66,1,3,53,0,21.45145,175,1,1,0,1
103000,16,1,1,24,1,22.74714,55,1,0,0,1
107000,16,1,1,38,0,22.74714,54,1,0,1,1
120000,16,1,2,34,0,22.69346,71,0,1,0,1
132000,16,1,2,31,0,22.5195,69,1,1,0,1
147000,16,1,3,31,0,22.47538,90,0,1,0,1
360000.1,66,1,3,36,0,16.84126,133,0,1,0,1
190000,31,1,2,36,0,16.72772,84,1,0,1,0
190000,91,1,1,28,0,16.86353,85,0,1,0,0
122500,46,1,3,24,0,24.86917,90,0,1,0,1
122000,53,1,2,32,1,24.7744,84,1,0,0,1
81999.97,6,1,1,24,1,24.62788,39,1,0,0,1
80999.98,6,1,1,40,0,24.58414,47,1,0,1,0
128500,6,1,3,27,0,24.68002,79,0,1,0,1
80999.98,90,1,2,26,1,23.02617,55,0,0,0,0
118500.1,53,1,2,39,1,22.61616,84,1,0,0,1
120000,53,1,2,39,1,22.61616,84,1,0,0,1
140000,43,1,3,56,0,22.52118,105,1,1,0,1
126000.1,71,1,3,33,0,21.78673,110,0,1,0,1
103500,66,1,2,31,0,21.78673,57,1,1,0,1
115000,46,1,3,31,0,21.4953,105,1,1,0,1
128000,51,1,3,37,0,21.51918,115,1,1,0,1
168500,121,2,2,42,0,21.45019,96,0,1,0,1
119000,71,1,2,33,0,22.60829,72,0,1,0,1
157500.1,66,2,3,51,0,22.3695,175,0,1,0,1
122000,111,1,2,34,0,22.74526,86,0,1,0,1
95500.02,16,1,2,33,0,23.73949,83,0,1,0,0
69000.01,51,1,2,38,1,23.09856,49,0,0,0,0
96799.98,51,1,2,31,0,23.24318,85,0,1,0,0
124000,51,1,3,28,0,24.55416,108,0,1,0,1
110000,71,1,2,26,0,25.31683,78,1,1,0,1
137000,111,1,3,30,0,24.66194,127,0,1,0,1
58999.98,21,1,1,27,0,24.9246,28,1,0,1,0
129499.9,71,1,3,42,0,23.20883,93,0,1,0,1
90000.02,26,1,3,23,1,23.77316,95,0,0,0,0
90499.99,51,1,2,22,0,24.24967,68,0,1,0,0
94949.97,35,1,2,25,0,24.6514,65,0,1,0,0
110000,31,1,2,26,0,24.69631,88,0,1,0,1
97500.03,51,1,2,31,0,24.02526,71,0,0,1,0
167000,91,1,2,27,0,18.78246,78,0,1,0,0
210000,91,1,2,35,0,18.36508,66,0,1,0,0
154000,51,1,2,31,0,19.92398,63,0,1,0,0
99950.01,91,1,1,30,1,19.63193,52,0,0,0,0
152000,66,1,3,48,0,20.29177,77,1,1,0,1
155000,71,1,3,39,0,20.2692,108,1,1,0,1
122000,66,1,2,30,0,20.14118,60,0,1,0,1
155000,69,1,3,31,0,19.72273,84,0,1,0,0
142500,36,1,2,23,0,19.54427,70,1,1,0,0
198000,66,1,3,62,0,21.17792,111,0,1,0,1
128500,66,1,2,29,0,20.75648,72,1,1,0,1
278000,101,1,3,44,0,19.18652,128,0,1,0,1
197000,101,1,2,35,0,19.18487,85,0,1,0,1
106000,96,1,1,36,0,19.79009,75,0,1,0,0
115000,71,1,2,33,0,19.78785,53,0,1,0,0
256999.9,66,1,4,43,0,20.32205,142,0,1,0,1
242000,66,1,3,35,0,18.49367,97,0,1,0,1
144000,101,1,3,34,0,18.87452,95,0,1,0,1
109000,36,1,1,30,0,19.05233,44,0,0,1,0
107500,12,1,2,27,1,19.12029,63,1,0,0,0
150000,101,1,3,38,1,20.00661,118,0,0,0,1
160000,51,1,2,27,0,19.84653,103,0,1,0,1
156000,66,1,3,38,0,19.1477,94,0,1,0,1
68000.01,31,1,1,26,0,20.70211,40,0,0,1,0
128000,111,1,3,47,0,19.93444,88,0,1,0,1
115000,11,1,2,40,1,21.18565,69,1,0,0,1
117000,11,1,2,40,0,21.18565,68,1,0,1,1
95999.97,13,1,1,25,0,20.99195,51,1,0,1,1
75000.02,31,1,2,41,0,21.33928,78,1,1,0,0
146000,101,1,3,30,0,20.64166,115,0,1,0,1
128000,71,1,3,34,0,20.92138,107,0,1,0,1
130000,26,1,3,31,0,21.01545,107,1,1,0,1
133000,71,1,2,27,0,20.24715,75,1,1,0,1
240000,66,1,3,62,0,19.41289,124,0,1,0,1
148999.9,66,2,3,48,0,21.30847,108,1,1,0,1
122000,31,1,2,40,0,18.05038,80,0,1,0,0
128000,43,1,2,44,0,17.65376,65,0,0,1,0
73500.02,15,1,1,33,0,17.42305,30,1,0,1,0
220000,71,1,3,42,0,17.42773,113,0,1,0,1
112000,71,1,2,34,0,16.91469,77,0,1,0,0
175000,66,1,3,47,0,18.44056,92,0,1,0,1
202000.1,66,1,3,43,0,18.29632,94,0,1,0,1
136000,91,1,2,33,0,17.79892,76,0,1,0,0
155000,101,1,2,35,1,17.34234,60,0,0,0,1
160000,101,1,2,29,0,17.33227,78,0,1,0,1
79000.03,12,1,1,28,0,18.13073,34,1,0,1,0
192000,121,1,2,50,0,15.04112,94,0,1,0,1
125000,25,1,1,46,0,15.36765,58,0,1,0,0
183000.1,36,1,2,56,0,15.30809,60,1,1,0,0
130000,23,1,1,34,1,15.27933,51,0,0,0,0
150000,23,1,1,45,1,15.36488,56,1,0,0,0
218000.1,41,1,3,27,0,15.84464,84,0,1,0,0
249950,1,1,2,23,0,15.44831,69,0,1,0,0
165000,121,1,1,26,0,15.59343,43,0,1,0,0
247000,101,1,2,27,0,14.96652,80,0,1,0,0
300000.1,101,1,2,35,0,14.81952,93,0,1,0,1
624999.8,111,2,4,34,0,15.44055,181,0,1,0,1
340000,71,1,3,40,0,14.3174,104,0,1,0,1
130000,101,1,1,31,0,14.56869,55,1,1,0,0
220000,68,1,3,42,0,14.29694,92,0,1,0,1
99950.01,31,1,1,35,0,14.08355,51,0,1,0,0
136000,51,1,3,29,0,24.92977,99,0,1,0,1
114000,21,1,2,22,0,25.3622,71,0,1,0,1
144000,71,1,3,36,0,25.30054,87,0,1,0,1
143000,66,1,3,29,0,25.14555,59,0,1,0,1
144500,61,1,3,32,0,25.56556,77,1,1,0,1
90000.02,16,1,1,31,0,24.68693,47,1,1,0,0
269999.9,31,1,3,30,0,25.59168,101,0,1,0,1
142000,66,1,3,26,0,25.2028,89,1,1,0,1
133000,71,1,3,26,0,24.76019,81,0,1,0,1
79999.97,66,1,2,36,0,19.89338,74,0,0,1,0
152000,66,1,3,28,0,19.14946,105,0,1,0,1
154000,71,1,3,43,0,19.54737,123,0,1,0,1
99950.01,71,1,2,30,1,19.55645,56,0,0,0,1
110000,66,1,2,46,0,19.59213,67,0,1,0,1
85000.01,11,1,2,29,1,19.91749,55,1,0,0,0
87999.97,11,1,2,28,0,19.96585,50,1,0,1,0
85000.01,13,1,1,27,0,19.96585,44,1,0,1,0
70999.98,41,1,3,50,0,18.56801,70,0,1,0,0
59500,91,1,3,43,0,20.43791,73,0,1,0,0
300000.1,66,2,4,32,0,19.45155,152,0,1,0,1
297500,66,2,4,32,0,19.45155,152,0,1,0,1
109500,15,1,2,46,0,19.91434,57,1,1,0,0
138000,51,1,3,30,0,18.40228,97,0,1,0,1
87999.97,5,1,1,28,0,20.30397,49,1,0,1,0
79999.97,51,1,2,36,0,23.76724,52,0,1,0,0
129499.9,66,1,3,37,0,24.13028,77,1,1,0,1
120000,63,1,2,29,0,24.29735,92,0,1,0,1
122000,55,1,3,25,1,24.32184,98,0,0,0,1
122000,55,1,3,25,0,24.32184,96,0,1,0,1
79999.97,31,1,2,22,0,22.61281,75,0,1,0,0
132250,71,1,3,29,0,22.81834,94,1,1,0,1
224999.9,43,2,4,41,0,24.436,193,0,1,0,1
105000,71,1,3,25,0,24.06286,82,0,1,0,1
145000,71,1,4,55,0,24.3623,105,0,1,0,1
147000,41,1,3,31,1,22.28091,109,0,0,0,1
167500.1,66,1,3,29,0,22.03008,94,1,1,0,1
144950,76,1,3,58,0,23.57125,73,0,1,0,1
110000,66,1,2,27,0,22.66853,63,0,1,0,1
75999.97,31,1,1,26,0,24.25237,56,1,1,0,0
133000,31,1,3,28,0,24.44256,88,0,1,0,1
111000,41,1,2,36,0,24.272,65,1,0,1,0
87999.97,37,1,2,52,0,24.32256,89,0,1,0,0
89000.02,14,1,1,60,1,24.81324,47,1,0,0,1
130000,71,1,3,33,1,21.86205,92,0,0,0,1
140000,71,1,3,28,0,23.23217,93,0,1,0,1
183000.1,69,2,3,38,0,23.55645,130,0,1,0,1
134500,66,1,3,36,0,23.46932,79,0,1,0,1
82500.02,41,1,2,27,1,23.70382,77,0,0,0,0
97000.04,31,1,2,22,0,22.93521,65,0,0,1,0
155000,63,1,3,67,0,22.93521,98,0,1,0,1
151950,51,1,3,28,0,23.07452,88,0,1,0,1
138000,69,1,3,35,0,22.85022,93,0,1,0,1
119950,6,2,2,32,0,20.59855,71,1,1,0,0
79499.98,71,1,1,25,1,20.85051,50,0,0,0,0
81999.97,20,1,1,32,1,20.85051,58,0,0,0,0
130000,68,1,2,57,0,19.22479,88,1,1,0,1
164000,71,1,3,40,0,19.03613,124,1,1,0,1
148999.9,71,1,3,28,0,18.74452,94,0,1,0,1
132000,51,1,3,43,0,21.04159,97,1,1,0,1
146000,71,1,3,31,0,20.76156,97,0,1,0,1
87500.04,21,1,2,35,0,20.54952,57,0,1,0,0
60000.01,46,1,1,27,0,20.6438,45,1,1,0,0
127000,51,1,3,21,0,20.17861,94,1,1,0,1
74000.02,9,1,1,31,0,20.0618,39,0,1,0,0
86999.96,24,1,2,23,0,19.65364,75,0,1,0,0
148999.9,66,1,3,33,0,18.18467,85,1,1,0,1
99950.01,66,1,2,24,0,15.68827,72,0,1,0,0
178000,71,1,3,52,0,16.90917,93,0,1,0,1
118500.1,71,1,3,32,0,18.17406,72,1,1,0,0
148999.9,71,1,3,36,0,19.04181,86,0,1,0,1
91999.97,66,1,2,34,1,18.39984,57,0,0,0,0
145000,66,1,3,39,0,18.90491,90,1,1,0,1
84000.04,31,1,1,47,1,27.97009,58,1,0,0,0
90000.02,14,1,1,41,0,25.69629,48,1,1,0,1
170999.9,51,1,3,34,0,26.89396,96,0,1,0,1
122000,66,1,3,22,0,26.60926,81,1,1,0,1
107950,15,1,2,25,0,26.82851,59,1,1,0,1
92999.96,13,1,1,29,0,26.3491,51,1,1,0,1
77000.04,15,1,1,34,0,26.334,25,1,1,0,0
120000,15,1,2,28,0,26.334,72,1,0,1,1
89000.02,14,1,1,30,0,26.334,40,1,0,1,1
97500.03,101,1,3,27,0,26.50532,95,0,1,0,1
59950.02,14,1,1,34,1,26.43019,46,1,0,0,0
148999.9,101,1,3,45,0,26.48179,106,1,1,0,1
75999.97,13,1,1,32,0,26.06218,58,1,1,0,0
89949.99,11,1,1,32,0,26.10912,50,1,1,0,1
85949.98,31,1,2,25,0,26.38773,86,0,1,0,0
109000,11,1,2,30,0,26.07239,66,1,1,0,1
158950,71,1,3,37,0,27.42173,109,0,1,0,1
127000,41,1,2,37,0,27.46405,69,0,1,0,1
114000,101,1,2,40,0,27.0975,70,0,1,0,0
103550,31,1,2,38,0,27.65565,60,0,1,0,0
153000,101,2,3,37,0,27.47407,80,0,1,0,1
169000,51,1,4,39,0,24.72701,92,0,1,0,1
179500.1,45,1,3,38,0,24.91868,90,0,1,0,1
160000,27,1,3,27,0,25.39737,100,0,1,0,1
115000,23,1,2,38,0,26.72122,70,0,1,0,1
179999.9,51,1,3,38,0,26.2762,103,0,1,0,1
128000,51,1,3,36,0,26.89916,96,0,1,0,1
148000,71,1,3,37,0,28.46599,76,0,1,0,1
136000,31,2,4,32,0,28.78724,127,0,0,1,1
89000.02,16,1,1,30,1,28.76565,44,0,0,0,1
105000,18,1,2,25,0,28.78732,76,1,1,0,0
75000.02,29,1,1,42,0,8.853585,64,0,1,0,0
312500.1,91,1,3,32,0,10.28641,94,0,1,0,1
235000.1,71,1,3,43,0,10.82312,92,1,1,0,1
155250,101,1,1,28,0,10.12553,55,0,1,0,0
147000,101,1,1,31,0,10.15295,68,0,1,0,0
459999.8,101,2,4,38,0,9.661905,183,0,1,0,1
249950,101,2,3,27,0,9.913287,114,0,1,0,0
249950,91,1,3,28,0,11.33026,81,0,1,0,0
260000.1,101,1,3,31,0,16.29811,134,0,1,0,1
200000,1,2,2,25,1,16.06253,84,0,0,0,0
117000,111,1,2,31,0,16.58545,60,0,1,0,0
117500,101,1,1,25,0,16.02594,50,1,1,0,0
245000.1,36,1,3,29,0,15.96432,162,0,1,0,1
101000,31,1,1,34,0,16.01922,41,0,0,1,0
423000.1,81,2,4,32,0,15.70705,154,1,1,0,1
230000,96,1,2,35,0,16.12373,99,0,1,0,1
133000,101,1,2,34,0,16.24677,89,0,1,0,0
173000,96,1,2,32,0,16.21078,78,0,1,0,0
132000,101,1,1,27,0,16.11749,54,0,1,0,0
244000,91,2,3,35,0,16.15078,137,0,1,0,1
131000,101,1,1,30,0,16.07292,70,1,0,1,0
140000,101,1,1,29,0,15.68546,53,1,1,0,0
112000,17,1,1,23,0,15.63819,33,1,0,1,0
309999.9,91,1,3,36,0,15.85655,110,0,1,0,1
143000,91,1,1,30,0,15.74094,54,0,1,0,0
229000,96,2,2,43,0,16.13741,97,0,1,0,1
210000,91,1,2,37,0,16.02845,86,0,1,0,1
249950,91,1,3,31,0,15.93646,99,0,1,0,1
222000,101,1,3,25,0,16.07637,103,0,1,0,1
252000,96,1,3,36,0,16.20612,115,0,1,0,1
197000,96,1,2,30,0,16.06714,79,0,1,0,1
193000,121,1,2,28,0,8.786346,60,0,1,0,0
195000,111,1,2,28,0,8.920491,52,0,1,0,0
454999.8,111,1,2,31,0,8.590591,132,0,1,0,0
265000,121,1,2,29,0,8.758965,70,0,1,0,0
265000,121,2,2,37,0,8.537539,125,0,1,0,0
120000,66,1,1,25,0,8.53571,53,0,1,0,0
183000.1,111,1,1,30,0,8.74055,52,0,1,0,0
238500.1,111,1,2,26,0,8.865352,72,0,1,0,0
217000.1,101,1,2,30,0,8.554805,63,0,1,0,0
247999.9,126,2,1,29,0,8.714873,87,0,1,0,0
169999.9,95,1,1,30,0,8.941381,58,0,0,1,0
107000,71,1,1,52,1,5.99604,39,0,0,0,0
185000,141,1,1,50,0,5.59364,46,0,1,0,0
210000,101,1,2,38,0,5.929714,55,0,1,0,0
390000.1,141,2,3,37,0,6.310494,138,0,1,0,0
215000.1,141,3,1,33,0,6.989003,63,0,1,0,0
250000,101,2,2,47,0,7.157138,112,0,1,0,0
125000,101,1,1,45,0,6.498287,46,0,0,1,0
215000.1,141,1,1,27,0,6.312013,72,0,1,0,0
337499.9,51,1,4,33,0,13.48726,164,0,1,0,1
185000,71,1,3,29,0,13.26106,89,0,1,0,1
115000,101,1,1,27,0,12.35892,59,0,1,0,0
182500.1,101,1,2,31,0,12.42669,76,0,1,0,0
212000,101,1,3,31,0,12.43496,93,1,1,0,0
249950,111,1,2,25,0,12.18219,99,0,1,0,1
165000,101,1,1,36,0,12.37041,69,0,1,0,0
155000,101,1,1,36,0,12.37041,69,0,1,0,0
97500.03,11,1,1,24,0,11.8529,44,0,0,1,0
190000,91,1,3,27,0,11.07938,83,0,1,0,0
135000,91,1,2,33,0,12.52241,74,0,1,0,0
142500,91,1,1,34,0,12.94355,66,0,1,0,0
245000.1,96,2,2,32,0,13.06193,100,1,1,0,0
340000,96,1,3,48,1,11.98462,122,0,0,0,1
250000,96,1,2,41,0,11.60737,74,0,1,0,0
489999.9,101,2,4,34,0,11.61695,137,0,1,0,1
289950.1,91,1,2,35,0,11.47256,78,0,1,0,0
375000.1,91,1,3,30,0,11.97347,108,0,1,0,1
360000.1,101,1,2,37,0,11.70266,107,0,1,0,1
186500,66,1,2,28,0,12.01301,57,0,1,0,0
110000,31,1,1,28,0,12.54005,56,0,1,0,0
815000.3,3,3,5,36,0,12.74409,226,1,1,0,1
155000,11,1,1,31,0,12.83732,56,0,1,0,0
360000.1,81,1,2,34,0,12.96464,92,0,1,0,1
142000,76,1,2,29,0,13.00713,73,1,1,0,0
